Job ID,Job Link,Resume Tried,Date listed,Date Tried,Assumed Reason,Stack Trace,External Job link,Screenshot Name
4318447092,https://www.linkedin.com/jobs/view/4318447092,Pending,2025-10-28 22:34:41.652606,2025-11-02 22:34:41.688856,Found a Bad Word in About Job,"
About the job
Company Description
 Alligator Automations India Pvt. Ltd. is an engineering company specializing in providing turnkey project solutions for various end-of-line packaging needs in industries such as Food Production, Chemicals, Manufacturing, and Pharmaceuticals. The company focuses on innovation, quality, and a customer-centric approach to deliver efficient automated solutions.
 Role Description
 This is a full-time remote role for a Fresher Engineer at Alligator Automations India Pvt. Ltd. The Fresher Engineer will be responsible for assisting in the design, installation, and maintenance of automated packaging systems. Daily tasks may include troubleshooting technical issues, collaborating with the engineering team, and supporting project managers in delivering successful automation projects.
 Qualifications
  Knowledge of engineering principles and design
Basic understanding of automation technologies
Strong problem-solving and analytical skills
Ability to work collaboratively in a team environment
Excellent communication and interpersonal skills
Willingness to learn and adapt to new technologies
Bachelor's degree in Engineering or related field

Contains bad word ""Manufacturing"". Skipping this job!
",Skipped,Not Available
4313013676,https://www.linkedin.com/jobs/view/4313013676,Pending,2025-10-19 22:35:06.985797,2025-11-02 22:35:07.071620,Found a Bad Word in About Job,"
About the job
YES (Yield Engineering Systems, Inc.) is a leading manufacturer of reliable, high-tech, cost-effective capital equipment that transforms materials and surfaces at the nanoscale. From startups to the Fortune 50, our customers rely on YES to help them unleash products that change lives – from cell phones and IoT devices to AI and virtual reality, to diagnostic tests for COVID.
As a preferred provider of wet and dry process technology, we look forward to talking with smart, energetic, team-oriented people who can grow with us. We provide competitive salaries and benefits, including long-term incentives and some of the best co-workers you’ll find anywhere. If this appeals to you, please read on!

Job Title: CAE Engineer/CFD Specialist
Location: Coimbatore.

Responsibilities include but are not limited to:
Develop models and simulations of semiconductor process equipment to derive actionable insights and information to optimize performance 
Collaborate with engineers and scientists to apply and test these simulations 
Develop innovative methods and applications such as hybrid digital twins, generative design, etc.
Write detailed technical reports and presentations of simulation methods and results 
Train other engineers and scientists in the use of simulation software or models 

Minimum Qualifications:
Master’s in mechanical engineering, aerospace engineering, chemical engineering, materials science or related field where training in computer aided engineering and CFD is part of the curriculum 
Professional experience with CFD software, including ANSYS, Fluent, Star-CCM+, etc. 
Experience with CAD software, including SolidWorks, Creo, CATIA, NX, AutoCAD, etc. is desirable
Strong understanding of fluid mechanics, heat transfer, mechanical stress principles 
Ability to interpret and analyze data 
Excellent problem-solving, communication, presentation, and interpersonal skills .

Preferred Qualifications:
PhD degree in mechanical engineering, aerospace engineering, chemical engineering, materials science or related field 
Candidates from Tier 1 Colleges like IIT, IISc, NIT are Preferred.
CFD certification, such as from the American Institute of Aeronautics and Astronautics 
Experience with programming languages, including C++, Fortran, Python, etc. 
Experience with high-performance computing (HPC) systems 

Compensation:
YES offers a stimulating work environment, competitive salaries, healthcare benefits and long-term incentives. 

Additional Information:
YES is an equal opportunity employer and values diversity. All employment is decided based on qualifications, merit, and business need.

Come find out why YES is such a great place to work. Apply today!

Contains bad word ""Mechanical"". Skipping this job!
",Skipped,Not Available
4314615531,https://www.linkedin.com/jobs/view/4314615531,Pending,2025-10-19 22:35:09.779391,2025-11-02 22:35:09.842248,Found a Bad Word in About Job,"
About the job
About Company

Dar Al-Handasah (Shair and Partners) is the founding company of the Dar Group, an international consortium of professional service firms. Through its 18,000 staff members, Dar Group assists clients in over 100 countries around the world. Dedicated to planning, designing, engineering, and project managing facilities, installations and structures, Dar Group further contributes to the sustainable advance of communities worldwide. Undermentioned shows ranking of Dar Group among the top 225 companies worldwide. For more information, you may visit https://dar.com

Position: Industrial Engineer – Aviation Systems
(Baggage Handling systems, aircraft cargo handling systems and facilities, and aircraft boarding bridges (PLB).

Department: Mechanical
Job Location: Pune & Bengaluru
Experience: 1 to 3 years

You can also send your CVs at aditi.toshniwal@dar.com/ Zuhaibulla.s@dar.com

Job Overview:
Dar Al-Handasah is seeking a highly motivated Industrial or Mechanical Engineer to join our Aviation Team in Pune Office and Bengaluru office, focusing on Baggage Handling Systems (BHS), Cargo Handling systems and Facilities, and aircraft Passenger Boarding Bridges (PLB),. The successful candidate will support the planning and design of aviation systems for major international airport projects.

Key Responsibilities:
Assist in the engineering/design and layout of Baggage Handling Systems, including check-in conveyors, in-line screening, sortation, makeup, and reclaim systems.
Perform capacity analysis and equipment sizing and design for BHS and cargo systems based on passenger and cargo forecasts.
Support the planning and design of PLB systems, ensuring compatibility with aircraft types, apron layout, and terminal interfaces.
Contribute to the design of air cargo terminals, including flow planning, storage layouts, and handling equipment.
Prepare technical design reports, drawings, and equipment specifications.
Participate in the development of operational concepts for baggage and cargo processes.
Coordinate with architects, structural engineers, and MEP teams to integrate aviation systems within the terminal and apron design.
Use BIM (Revit) and AutoCAD to produce and update system layouts.
Contribute to the integration of automated and semi-automated systems in line with international standards and emerging technologies.

Qualifications:
Bachelor’s degree in industrial engineering, Mechanical Engineering, or a related field from a reputable university.
0–3 years of experience in aviation systems design or relevant engineering fields.
Strong analytical and systems-thinking skills.
Excellent communication skills in spoken and written English.
Basic proficiency in AutoCAD, Revit, and Microsoft Office applications.

Kind Note:

* While we carefully review all applications, only candidates meeting the specified requirements will be contacted for further consideration. We appreciate your understanding and thank all applicants for their interest.

Contains bad word ""Mechanical"". Skipping this job!
",Skipped,Not Available
4315666719,https://www.linkedin.com/jobs/view/4315666719,Pending,2025-10-19 22:35:14.750568,2025-11-02 22:35:14.796697,Found a Bad Word in About Job,"
About the job
Company Description

Sandisk understands how people and businesses consume data and we relentlessly innovate to deliver solutions that enable today’s needs and tomorrow’s next big ideas. With a rich history of groundbreaking innovations in Flash and advanced memory technologies, our solutions have become the beating heart of the digital world we’re living in and that we have the power to shape.

Sandisk meets people and businesses at the intersection of their aspirations and the moment, enabling them to keep moving and pushing possibility forward. We do this through the balance of our powerhouse manufacturing capabilities and our industry-leading portfolio of products that are recognized globally for innovation, performance and quality.

Sandisk has two facilities recognized by the World Economic Forum as part of the Global Lighthouse Network for advanced 4IR innovations. These facilities were also recognized as Sustainability Lighthouses for breakthroughs in efficient operations. With our global reach, we ensure the global supply chain has access to the Flash memory it needs to keep our world moving forward.

Job Description

We are seeking a highly motivated student or recent graduate to join Sandisk's Global Operations organization within the Supply Chain team.

Essential Duties & Responsibilities

Design, build, and improve Sandisk’s supply chain by applying IE principles and using industry standard systems (Enterprise Resource Planning & Advanced Planning and Scheduling)
Provide project management expertise on various qualification activities for existing products and new products. 
Analyze, create and implement manufacturing and/or business process improvements that increase capacity, reduce lead-time, and eliminate non-value added activities.
Responsible for planning supply, and customer order fulfillment for specific products.
Analyze and resolve daily supply plan mismatches to demand, produce weekly material and capacity plans for the factories, weekly closure of excess and obsolete inventory, and daily closure of inquiries from internal customers.
Complete capacity analysis internally and/or at suppliers for headcount, equipment and space requirements using effective tools.
Manage multiple projects and tasks simultaneously and effectively influence, negotiate, and communicate with internal and external business partners, contractors and vendors.

Qualifications

Required: 

Master’s degree in Industrial engineering/supply chain management or equivalent work experience.
Understanding of supply chain best practices 
Ability to manage multiple project schedules simultaneously with aggressive deadline requirements 
Extensive data analytical skills including advanced knowledge of MS Excel, SQL, Tableau, Power BI
Good understanding of mathematical modelling like Linear programming/Optimization etc.
Preferred Experience with Advanced Planning Systems such as i2 

Skills

Effective communication skills with the ability to work with multiple organizations in a fast-paced, dynamic environment. 
Great teammate, highly motivated, ambitious, and a quick learner

Additional Information

Sandisk thrives on the power and potential of diversity. As a global company, we believe the most effective way to embrace the diversity of our customers and communities is to mirror it from within. We believe the fusion of various perspectives results in the best outcomes for our employees, our company, our customers, and the world around us. We are committed to an inclusive environment where every individual can thrive through a sense of belonging, respect and contribution.

Sandisk is committed to offering opportunities to applicants with disabilities and ensuring all candidates can successfully navigate our careers website and our hiring process. Please contact us at jobs.accommodations@sandisk.com to advise us of your accommodation request. In your email, please include a description of the specific accommodation you are requesting as well as the job title and requisition number of the position for which you are applying.

Contains bad word ""Contractor"". Skipping this job!
",Skipped,Not Available
4297830417,https://www.linkedin.com/jobs/view/4297830417,Pending,2025-10-03 22:35:19.462443,2025-11-02 22:35:19.511883,Found a Bad Word in About Job,"
About the job
About SCG in India
SCG is expanding in India with a strong focus on manufacturing excellence, sustainable construction technologies, and operational innovation. Our activities include introducing lightweight AAC wall systems to modernize construction, operating India as a strategic sourcing base for global industries, and maintaining international leadership in sustainability and governance.

For engineers, this means exposure to world-class plant operations and process optimization in one of India’s fastest-growing industrial ecosystems.

About the Role
As a Production Engineer, you will ensure that SCG’s manufacturing operations in India run efficiently, safely, and consistently at the highest quality.

Key Responsibilities
Monitor daily production operations and ensure output meets quality standards.
Analyze process data and propose improvements in efficiency and yield.
Coordinate with maintenance and quality teams to minimize downtime.
Support trials of new materials, processes, or technologies.
Document production results and prepare loss analyses.
Ensure compliance with safety and environmental regulations.

Qualifications
Bachelor’s degree in Mechanical, Industrial, or related Engineering fields.
0–3 years of production or manufacturing experience; new graduates are welcome.
Analytical mindset with problem-solving skills.
Familiarity with Lean or Six Sigma tools is an advantage.

Career Development
This role offers a pathway into senior production engineering, plant management, or operational excellence within SCG’s global network.

Contains bad word ""Mechanical"". Skipping this job!
",Skipped,Not Available
4293764828,https://www.linkedin.com/jobs/view/4293764828,Pending,2025-10-19 22:35:24.179724,2025-11-02 22:35:24.337105,Found a Bad Word in About Job,"
About the job
Fictiv Exists to Enable Hardware Innovators to Build Better Products, Faster

Fictiv exists to help product innovators create.

Fictiv is a global manufacturing and supply chain company that enables organizations to scale globally across Fictiv’s four global manufacturing centers in India, Mexico, China, and the U.S.. Companies use Fictiv to access high-quality production, optimize supply chain logistics, and mitigate supply chain risk—ensuring they can move from prototype to full-scale manufacturing with speed and confidence. To date, Fictiv has delivered more than 35 million commercial and prototype parts for industries such as aerospace, robotics, automotive, climate tech, and more, helping them innovate faster, free up precious resources, and drive profitable growth.

What’s in it for you?

Opportunity To Unlock Your Creativity

Think of all the times you were held back from trying new ideas because you were boxed in by bureaucratic legacy processes or old school tactics. Having a growth mindset is deeply ingrained into our company culture since day 1 so Fictiv is an environment where you have the creative liberty and support of the team to try big bold ideas to achieve our sales and customer goals.

Opportunity To Grow Your Career

There are plenty of sales jobs out there. The question is whether any of them will help you grow in your career? Will you be challenged by teammates to achieve your potential? Or are they roles that will ask you to do more of what you've already mastered. At Fictiv, you'll be surrounded by supportive teammates who will push you to be your best through their curiosity and passion.

Impact In This Role

We bridge the gap between complex customer requirements and practical manufacturing solutions by accurately interpreting technical drawings, performing precise cost analysis, and ensuring manufacturability through DFM (Design for Manufacturability) reviews. We engage directly with customers to clarify requirements, address technical questions, and provide transparent guidance that balances cost, quality, and lead time.

We streamline quoting workflows by reducing manual touchpoints, standardizing processes, and enabling faster decision-making. We proactively identify risks whether in material sourcing, tolerance challenges, or production feasibility and work with cross-functional teams to resolve them before they impact delivery.

Our work enhances the customer experience by combining deep technical expertise with clear, timely communication. We act as the link between customer needs and manufacturing capabilities, ensuring quotes are accurate, timelines are realistic, and outcomes meet or exceed expectations.

You will report to the Global Solution Engineering Director.

What You’ll Be Doing 

Accurate & Timely Quoting
Provide cost estimates for CNC machining and other manufacturing processes with high precision. 
Perform DFM (Design for Manufacturability) analysis to highlight risks, suggest design changes, and optimize for cost and lead time. 
Apply process knowledge to quote complex parts confidently, even in challenging timelines. 
Technical Support & Expertise
Interpret engineering drawings, GD&T, and material requirements to ensure feasibility. 
Provide alternatives for difficult-to-source materials or complex geometries. 
Offer process guidance for machining, finishing, and assembly needs. 
Deliver region-specific manufacturing expertise across the US, India, China, and Mexico. Optimized to match the customer’s unique requirements, budget constraints, lead time goals, and project priorities. 
Customer Engagement & Education
Direct communication with customers to clarify requirements, resolve design concerns, and ensure alignment on expectations. 
Provide proactive updates during quoting or project execution to reduce uncertainty. 
Educate customers on trade-offs between cost, lead time, and quality. 
Cross-functional Collaboration
Work with internal teams (Sales, Operations, Sourcing, Quality & Logistics) to ensure smooth project execution. 
Engage with manufacturing partners to validate capabilities, pricing, and delivery timelines. 
Risk Identification & Mitigation
Detect potential manufacturing challenges early, reducing costly rework or delays. 
Recommend alternative manufacturing processes, tolerances, or materials when required. 
Platform-driven Quoting Solutions
Leverage platform tools to automate portions of the quoting process for speed and accuracy. 
Balance risk by determining when to quote on-platform vs. escalate to High Touch (HT) quoting. 
Desired Traits

Meticulous, detail oriented, inclination for documentation
Excellent verbal and written communication skills in English required
Self-starter, manages time efficiently, able to complete work in a timely manner without active supervision
Enjoys sharing knowledge and teaching others about manufacturing processes
4-year Mechanical Engineering degree or equivalent technical training
Understanding of GD&T and conventional (coordinate) tolerancing
Knowledge of manufacturability, and limitations, of common metals and plastics
Exposure to multiple custom mechanical manufacturing processes (sheet metal, urethane casting, injection molding, etc…)
CNC machining and 3D printing experience is a must

About Fictiv

Fictiv is transforming how the next rockets, self-driving cars, and life-saving robots are designed, developed, and delivered to customers around the world. People who succeed at Fictiv are talented, creative, and driven to achieve professional excellence and support our vision to help product innovators create.

We’re actively seeking teammates who:

Bring diverse perspectives and experience to our culture and company. 
Excel at being part of a strong, empathetic team.
Thrive in an environment emphasizing respect, honesty, collaboration, and growth.
Have an ‘always learning’ mindset that celebrates learning, not just wins. 
Help us continue to build a world-class organization that values the contributions of all of our teammates

We encourage applications from members of underrepresented groups, including but not limited to women, members of the LGBTQ community, people of color, people with disabilities, and veterans.

Contains bad word ""CNC"". Skipping this job!
",Skipped,Not Available
4314601346,https://www.linkedin.com/jobs/view/4314601346,Pending,2025-10-19 22:35:29.117368,2025-11-02 22:35:29.153612,Found a Bad Word in About Job,"
About the job
Company Description

Sandisk understands how people and businesses consume data and we relentlessly innovate to deliver solutions that enable today’s needs and tomorrow’s next big ideas. With a rich history of groundbreaking innovations in Flash and advanced memory technologies, our solutions have become the beating heart of the digital world we’re living in and that we have the power to shape.

Sandisk meets people and businesses at the intersection of their aspirations and the moment, enabling them to keep moving and pushing possibility forward. We do this through the balance of our powerhouse manufacturing capabilities and our industry-leading portfolio of products that are recognized globally for innovation, performance and quality.

Sandisk has two facilities recognized by the World Economic Forum as part of the Global Lighthouse Network for advanced 4IR innovations. These facilities were also recognized as Sustainability Lighthouses for breakthroughs in efficient operations. With our global reach, we ensure the global supply chain has access to the Flash memory it needs to keep our world moving forward.

Job Description

Take charge of operational demand across Asia regions (China, India , ROA and Japan) as a strategic planner at Sandisk. Thrive in a fast-paced environment, collaborating closely with regional sales and business operations teams to ensure success in Sandisk Consumer business.

Role Responsibilities

Manage APAC (China, India, ROA and Japan) CSF by SKU and family level for rolling 8 quarters, ensuring optimal alignment with company goals.
Monitor booking and shipping attainment by Unit and PB, making real-time adjustments to the operational plan for maximum efficiency.
Maintain a detailed forecast profile at a weekly granularity, incorporating order bookings, regional promotions, and feedback from Sales, Marketing, and BU.
Oversee operational plan buffers, aligning with financial forecasts by Unit and PB at SKU and family levels.
Collaborate with WW CSF coordinator on allocation and memory transition requirements, supporting technology transitions and new product launches.
Ensure timely execution of weekly tasks, adhering to allocation and NPI guidelines, and minimizing non-net occurrences through effective MDM.
Gather and track Ship In/Sell Through assumptions from all RSMs (Regional Sales Manager) for the current and next quarters, ensuring accurate financial forecasting.
Host monthly L2 meetings with regional sales and BU teams to discuss quarterly numbers, providing critical inputs for near-term financial forecasts.
Deliver weekly summaries to BU, regional Sales GMs, Sales, and Pricing teams during weekly meetings, highlighting key insights and performance metrics

Qualifications

Master’s degree in Industrial Engineering/Supply Chain or related fields preferred.

Strong analytical skills with a proven ability to interpret complex data, identify trends, and generate actionable insights.
Excellent communication and interpersonal abilities, adept at collaborating effectively across diverse teams.
Highly detail-oriented with a steadfast commitment to accuracy and data integrity.
Demonstrated capability to manage multiple priorities and meet tight deadlines in fast-paced environments.

Additional Information

Sandisk thrives on the power and potential of diversity. As a global company, we believe the most effective way to embrace the diversity of our customers and communities is to mirror it from within. We believe the fusion of various perspectives results in the best outcomes for our employees, our company, our customers, and the world around us. We are committed to an inclusive environment where every individual can thrive through a sense of belonging, respect and contribution.

Sandisk is committed to offering opportunities to applicants with disabilities and ensuring all candidates can successfully navigate our careers website and our hiring process. Please contact us at jobs.accommodations@sandisk.com to advise us of your accommodation request. In your email, please include a description of the specific accommodation you are requesting as well as the job title and requisition number of the position for which you are applying.

Contains bad word ""Manufacturing"". Skipping this job!
",Skipped,Not Available
4297834328,https://www.linkedin.com/jobs/view/4297834328,Pending,2025-10-03 22:35:33.851093,2025-11-02 22:35:33.893261,Found a Bad Word in About Job,"
About the job
About SCG in India
SCG’s India growth is underpinned by sustainable product innovation and high-performance operations. By combining advanced construction systems, integrated supply chains, and world-class ESG practices, SCG offers engineers opportunities to work on cutting-edge manufacturing technology.

About the Role
As a Maintenance Engineer, you will be responsible for keeping SCG’s mechanical equipment reliable, efficient, and safe.

Key Responsibilities
Develop and implement preventive maintenance plans for plant equipment.
Troubleshoot and repair breakdowns quickly to minimize downtime.
Analyze equipment performance data and recommend improvements.
Manage spare parts inventory for critical components.
Support installation and commissioning of new machinery.
Ensure compliance with safety and maintenance standards.

Qualifications
Bachelor’s degree in Mechanical Engineering (required).
0–3 years in plant maintenance or mechanical engineering; new graduates are welcome.
Knowledge of rotating equipment and maintenance practices.
Strong problem-solving skills under time-sensitive conditions.

Career Development
This role offers a path toward reliability engineering, maintenance leadership, or plant management roles across SCG.

Contains bad word ""Mechanical"". Skipping this job!
",Skipped,Not Available
4312017282,https://www.linkedin.com/jobs/view/4312017282,Pending,2025-10-12 22:35:36.775510,2025-11-02 22:35:36.859248,Found a Bad Word in About Job,"
About the job
Dear Connections,
Exciting Opportunity at HCL Technologies, Bangalore! Join a team that values innovation, growth, and impactful work. Don't miss the chance to work with cutting-edge Project and be a part of something transformative!

#HCLTECH #WALKIN #BANGALORE

📅 Walkin Date: 11-Oct-25
⏲️ Timing: 9am - 2pm
📍 Venue: HCL Tech, Special Economic Zone, Common café 1st floor Jigani, 129, Bommasandra Jigani Link Rd, Industrial Area, Bengaluru, Karnataka 560105
📍Job Location: HCL, ITPL / Jigani - Bangalore

Contact Person: Cathrin Christina Y/Nivetha N

We are hiring for below positions for Bangalore location 

Position 1 : Mechanical design Engineer – Bachelor's Degree with CAD- Solidworks & NPD
Years of experience : 4 to 8+ Years
'👇👇👇click below link for detailed job description.
https://www.linkedin.com/jobs/view/4309243805


Position 2 : Mechanical design Engineer – Diploma
Years of Experience - 3 to 5 Years
'👇👇👇click below link for detailed job description
https://www.linkedin.com/jobs/view/4309229969

Position 3 : Mechanical design Engineer – Diploma/Bachelor Degree with Creo & Windchill
Years of Experience - 4 to 8 Years
'👇👇👇click below link for detailed job description
https://www.linkedin.com/jobs/view/4310704801

Please share your updated resume to cathrin_christinay@hcltech.com and fill the below form:

Applying for Bangalore location please click https://forms.office.com/Pages/ResponsePage.aspx?id=N-edGDrJWk-LaG9MqZQZEhwPUtQlH6dDl4JXufUtrgxUQ1J…



Note: Please Walkin only if you meet the mentioned requirement (Experience and skillset).
Candidates - Freshers & 2+ Years experiences are not considered for this requirement.



#WalkinDrive #Bangalore #MechanicalDesign #NPD#Designcalculation #newproductdesign #Semiconductor #spm #specialpurposemachine

Contains bad word ""Mechanical"". Skipping this job!
",Skipped,Not Available
4055142793,https://www.linkedin.com/jobs/view/4055142793,Pending,2025-11-02 18:35:39.704109,2025-11-02 22:35:39.762082,Found a Bad Word in About Job,"
About the job
About InvoiceCloud

InvoiceCloud is a fast-growing fintech company with an award-winning culture and a leading disruptor in the electronic bill presentment and payment (EBPP) space. Serving more than 3,200 customers across the utility, government, and insurance industries, InvoiceCloud’s secure and innovative SaaS platform enhances the customer experience, driving higher digital payment, AutoPay, and paperless adoption rates. By switching to InvoiceCloud, clients can improve customer engagement and satisfaction while lowering costs, accelerating payments, and reducing staff workloads. To learn more, visit InvoiceCloud.com.

Position Overview

The Platform Reliability Engineer will provide the team’s ongoing architectural evolution, development, and maintenance of the core platform focusing on payer & biller facing product solutions. This is an ideal opportunity for someone who is passionate about building delightful customer experience products in a highly scalable, reliable, and secure manner, leveraging agile principles and values, test driven development and continuous integration and deployment. We are looking for a strong business and technical problem solver, with a deep understanding of Platform Engineering principles, cloud-native technologies, and scalable enterprise architecture.

What You’ll Do

Collaboration: Work closely with development, QA, and product teams to ensure seamless integration and operation of new features and technologies.
Assist with operations activities to provision, maintain, and support existing platform.
Performance Analysis: Help analyze and optimize platform performance, identifying and implementing improvements to enhance speed, efficiency, and reliability.
Assist Incident post-mortems to drive continuous improvement into platform and software systems and processes.
Learning and Development: Continuously improve technical skills and knowledge through training, mentorship, and hands-on experience.
Contribute PCI, PADSS, SOC Type2, SOX audit initiatives
Execute against organizational KPIs.
Automation Assistance: Help develop and maintain automation scripts and tools to improve platform operations and reduce manual intervention.
Identify and recommend opportunities for continuously improving software engineering practices and productivity of teams for reliability and resiliency.
Assist in completing department wide quarterly and annual goals and initiatives.
Assist in surfacing forward-thinking cutting-edge tools and services that will improve efficiency and productivity within agile team development

Who We Seek

2+ years of Software Engineering experience in enterprise SaaS software development or operations, preferably within financial services or FinTech (banking, lending, payments)
Deep knowledge of Cloud services (PaaS/IaaS) – specifically Azure and ability expand into other clouds offerings.
Ability to manage and continuously optimize cloud utilization
Ability to build and follow devops practices – Specifically IaC and Security.
Ability to implement system observability (apps/infrastructure)
Experience in one or more of (Kubernetes, Teraform, Kong/NGIX, Redis, AzureDB)
Programming experience in IaC automation tools and languages – (Terraform, Ansible, powershell preferred).
Strong understanding of SRE concepts and culture, with a focus on leveraging software engineering tools, methodologies, and concepts
In-depth understanding of automation and CI/CD processes
Ability to engage and influence product leaders, lead systems architects, and engineering managers who are either associated with the function or affected by its outcome.
Technical experience in observability and traceability patterns and working with distributed architectures.
Strong communication skills and ability to articulate complex material to a diverse audience.
Experience working in highly regulated, security-focused environments (familiar with setting up controls and processes around HIPAA, PCI, SOC 2 or similar frameworks)

InvoiceCloud is an Equal Opportunity Employer. 

InvoiceCloud provides equal employment opportunities to all employees and applicants for employment and prohibits discrimination and harassment of any type without regard to race, color, religion, age, sex, national origin, disability status, genetics, protected veteran status, sexual orientation, gender identity or expression, or any other characteristic protected by federal, state or local laws. 

This policy applies to all terms and conditions of employment, including recruiting, hiring, placement, promotion, termination, layoff, recall, transfer, leaves of absence, compensation, and training. 

If you have a disability under the Americans with Disabilities Act or similar law, or you require a religious accommodation, and you wish to discuss potential accommodations related to applying for employment at our company, please contact jobs@invoicecloud.com.

Click here to review InvoiceCloud's Job Applicant Privacy Policy.

To all recruitment agencies: InvoiceCloud does not accept agency resumes. Please do not forward resumes to our job’s alias, employees, or any other organization location. Invoice Cloud is not responsible for any fees related to unsolicited resumes. 

Contains bad word ""Perl"". Skipping this job!
",Skipped,Not Available
4318451697,https://www.linkedin.com/jobs/view/4318451697,Pending,2025-10-28 22:35:42.550701,2025-11-02 22:35:42.606334,Found a Bad Word in About Job,"
About the job
BEV systems integration engineer
Experience: 3-6 Years
Job Location: Bangalore/Pune
Notice Period: IMD to 30 Days

Requirements:
Domain / Primary Skill: ER&D-Powertrain
Tools: AGILE, MATLAB, Simulink, ETAS INCA, MDA, AVL Concerto.

 Job Summary:
 We are seeking a highly motivated and skilled BEV Systems Integration Engineer to lead and support the integration of complex systems within our Battery Electric Vehicle platforms. This role involves cross-functional collaboration to ensure seamless integration of electrical, mechanical, and software systems, with a focus on performance, safety, and compliance.
 Key Responsibilities: 
Lead the integration of vehicle systems including battery packs, power electronics, electric drive units, thermal systems, and control software.
Develop and manage system-level requirements and interface specifications.
Coordinate with design, validation, and manufacturing teams to ensure system compatibility and performance.
Support vehicle-level testing and validation, including troubleshooting and root cause analysis.
Ensure compliance with industry standards and regulatory requirements (e.g., ISO 26262, UNECE R100).
Manage system integration timelines and deliverables across multiple teams.
Utilize tools such as CANalyzer, MATLAB/Simulink, and vehicle simulation platforms for analysis and validation.
Document integration processes and maintain traceability of requirements and changes.
 Qualifications:
Bachelor’s or master’s degree in electrical engineering, Mechanical Engineering, Automotive Engineering, or related field.
3+ years of experience in automotive systems integration, preferably in BEV or hybrid vehicles.
Strong understanding of vehicle electrical architecture, high-voltage systems, and communication protocols (CAN, LIN, Ethernet).
Experience with system modelling and simulation tools.
Familiarity with functional safety and cybersecurity standards.
Excellent problem-solving, communication, and project management skills. 
Preferred Skills: 
Experience with Model-Based Systems Engineering (MBSE).
Knowledge of thermal management systems for EVs.
Hands-on experience with vehicle testing and diagnostics.
Experience working in Agile development environments.

Contains bad word ""Mechanical"". Skipping this job!
",Skipped,Not Available
4297403085,https://www.linkedin.com/jobs/view/4297403085,Pending,2025-10-03 22:36:00.907680,2025-11-02 22:36:00.953890,Found a Bad Word in About Job,"
About the job
Company Description
We suggest you enter details here.

Role Description
This is a full-time on-site Design Engineer role located in Pune. The Design Engineer will be responsible for tasks related to design engineering, mechanical engineering, computer-aided design (CAD), electrical engineering, and product design.

Qualifications
Job Title: Jr. Design Engineer
Qualification: B.E. in Mechanical Engineering (Preferable) or Diploma in Mechanical
Experience: 1-3 years
Scope and responsibilities:
This is a full-time, on-site role for a Design Engineer, located in Pune.
1. Preparation of general layout (GA) drawing for process equipment.
2. Create BOM for the procurement & fabrication.
3. Drawing revision as per manufacturing & customer feedback.
4. Create 2D and 3D models of process equipment using CAD tools.
5. Work effectively with cross-functional teams, including project managers and manufacturing
personnel.
Requirement:
1. Hands on experience with software such as Auto-CAD and Solid edge.
2. arrangement (GA) drawing and The ability to create general detailed fabrication
drawing essential.
3. Prepares detailed material take-offs on projects based upon drawings, plans and
specifications.
4. Good knowledge and hands-on experience of drawing presentation, critical
dimensioning, view presentations and parts list preparation.
5. Must have knowledge of manufacturing processes like laser cutting, bending,
welding, basic machining.
6. Good knowledge and hands-on experience on advance assemblies and layouts with
GD&T, surface finishes, welding details and engineering notes
7. Working knowledge of SAP system (Better to have).
8. Experience in making GA layouts will be an added advantage.
9. At least 1+ years of hands-on experience in Solid edge.
10. Quick learner and adopt the existing system.

Contains bad word ""SAP"". Skipping this job!
",Skipped,Not Available
3781828090,https://www.linkedin.com/jobs/view/3781828090,Pending,2025-10-19 22:36:08.947060,2025-11-02 22:36:08.997745,Found a Bad Word in About Job,"
About the job
Company Description
Founded in 2012, Envipro Engineering Pvt Ltd, Pune based company, having corporate office in Aundh, is a technology-driven company specializing in air pollution control equipment, waste heat recovery, and chemical process equipment. Our product range includes centrifugal fans, dust extraction systems, pulse jet bag filters, scrubbers, and rotary air valves. We ensure high quality by rigorously examining our products using advanced machines and instruments. Recognized for our punctuality and quality, we are an approved vendor of MITCON for air pollution control equipment. Our dedicated team and visionary leadership have helped us achieve success in a competitive market.

Role Description
This is a full-time, on-site role located in Pune for an Engineering Specialist. The Engineering Specialist will be responsible for designing, developing, and overseeing the fabrication of air pollution control and other related equipment. Daily tasks include conducting analysis, creating project plans, managing manufacturing processes, and ensuring compliance with quality standards. The role also involves collaborating with cross-functional teams to meet project deadlines and resolve technical issues.

Qualifications
Strong Communication and Analytical Skills
Experience in Project Management and Manufacturing Engineering
Proficiency in Mechanical Engineering principles and practices
Ability to work effectively in a team environment
Excellent problem-solving skills and attention to detail
Bachelor's degree in Mechanical Engineering or a related field
Prior experience in air pollution control equipment is a plus

Contains bad word ""Mechanical"". Skipping this job!
",Skipped,Not Available
4002515951,https://www.linkedin.com/jobs/view/4002515951,Pending,2025-10-03 22:36:11.702464,2025-11-02 22:36:11.733013,Found a Bad Word in About Job,"
About the job
Urgent Hiring-Application Engineer/Technical Sales Engineer/Mechanical Engineering/Technical Solution Engineer

Roles and Responsibilities
Understand and explain technical aspects of mechanical engineering products
Provide technical support and communication to customers
Work on application engineering and prepare offers/quotations
Prepare, send, and follow up on quotations to secure customer orders.
Work on the enquiry from a techno-commercial angle with support from the design team.
Identify potential clients through lead generation activities such as cold calling, email campaigns, or social media outreach.

Desired Candidate Profile
Strong basics in Mechanical Engineering
0-2 years of experience in technical sales or application engineering in the mechanical industrial equipment/machinery industry.
Diploma in Mechanical.
Strong understanding of engineering services, sales engineering, sales strategy, revenue generation, and client handling skills.
Sociable, outgoing personality to build rapport with clients

Contains bad word ""Mechanical"". Skipping this job!
",Skipped,Not Available
4320207299,https://www.linkedin.com/jobs/view/4320207299,Pending,2025-11-02 15:36:38.842055,2025-11-02 22:36:38.895802,Found a Bad Word in About Job,"
About the job
Company Description

At Riverwood, we create more than homes; we craft meaningful experiences and spaces that blend design and affordability. With a focus on thoughtful design and quality, our projects reflect a commitment to building enduring communities that inspire growth and nurture lives. Each Riverwood project is a promise of trust, opportunity, and lasting elegance. Investing with Riverwood means investing in a life of purpose and lasting value.

Internship Description

We are building an AI voice agent that can call our homebuyers every morning, speak in a natural human voice (Hindi + English), hold short friendly conversations like “Namaste, chai pee li?”, and then share that day’s construction update — all while remembering each customer’s preferences and improving every day.
You’ll work directly with the founders to prototype and launch this system — India’s first real-estate Voice AI CRM.

Responsibilities
Build a conversational AI caller using tools such as OpenAI Realtime API, ElevenLabs, Vocode, or Twilio Voice API.
Connect it with basic customer data (Google Sheet / CRM).
Enable real-time speech recognition and response in Hindi + English.
Add short-term memory so the agent remembers past chats.
Continuously test and refine tone, latency, and realism.
 Desired Skills
Python / JavaScript basics
Experience (or curiosity) with APIs such as OpenAI, ElevenLabs, Twilio, LangChain, or Vocode
Interest in conversational AI, speech tech, or automation
Strong problem-solving and self-learning mindset
(Hands-on builders preferred over theoretical AI learners.)
Eligibility
Open to students / recent grads in any technical or design stream. Portfolio > Degree.

Location
Flexible – Remote 
Stipend
₹15,000 – ₹25,000 per month + Performance bonus
Duration
2 – 3 months (extension / full-time offer possible)

Contains bad word ""Construction"". Skipping this job!
",Skipped,Not Available
4313990533,https://www.linkedin.com/jobs/view/4313990533,Pending,2025-10-19 22:37:07.657416,2025-11-02 22:37:07.701096,Found a Bad Word in About Job,"
About the job
Company Description
Webmap is the no-code way to supercharge your website with AI, boosting engagement and revenue without complexity. Our platform empowers businesses to enhance their online presence effortlessly, driving better customer interactions and increased profitability. At Webmap, we focus on innovation and simplicity to deliver powerful AI solutions tailored to meet the needs of our clients.
 Role Description
This is a full-time remote role for a Python Developer. The Python Developer will be responsible for back-end web development, software development, and programming tasks. Day-to-day tasks include designing, coding, testing, and maintaining web applications, implementing solutions using Object-Oriented Programming (OOP) principles, and managing databases. The role requires collaboration with team members to develop and maintain high-quality, scalable software solutions.
 Responsibilities
Design, develop, and maintain scalable web applications using Python.
Collaborate with cross-functional teams to define, design, and ship new features.
Ensure the performance, quality, and responsiveness of applications.
Identify and correct bottlenecks and fix bugs.
Help maintain code quality, organization, and automation.
 Qualifications
Proficiency in Back-End Web Development and Software Development
Strong knowledge of Object-Oriented Programming (OOP) and Programming principles
Experience with Databases management and optimization
Excellent problem-solving and critical-thinking skills
Ability to work independently and collaboratively in a remote environment
Bachelor's degree in Computer Science, Information Technology, or related field
Experience with AI and machine learning technologies is a plus
 Email - connect+python@webmap.network

Contains bad word "".NET"". Skipping this job!
",Skipped,Not Available
4319143769,https://www.linkedin.com/jobs/view/4319143769,Pending,2025-10-28 22:37:12.487608,2025-11-02 22:37:12.548433,Required experience is high,"
About the job
Position Overview:

We are seeking a highly skilled and motivated Machine Learning/Deep Learning Engineer with expertise in neural network development, GenAI technologies, and cloud-native deployment on AWS.
This role will be instrumental in designing, training, and deploying advanced AI models across text, image, and audio domains, while also managing scalable cloud infrastructure and APIs.

Key Responsibilities: 

Deep Learning & Neural Networks

Design and implement deep learning models using TensorFlow, PyTorch, and transformer architectures.
Fine-tune pre-trained models for domain-specific tasks involving text, image, or audio datasets.
Optimize and deploy models on NVIDIA GPU hardware (e.g., A100, H100) for high-performance inference.
Develop LLMOps context aware pipelines for chat applications using python frameworks.
Collaborate with data scientists and product teams to integrate models into production systems.
API Development & Integration

Develop and maintain RESTful and gRPC APIs for model serving and data access.
Manage the full API lifecycle, including versioning, documentation, and security.
Integrate APIs with internal and external applications using FastAPI or similar Python frameworks.
AWS Cloud Engineering

Create and manage AWS Container Apps, Container Registries, and Docker images.
Deploy and monitor AWS Web Apps for hosting AI services and dashboards.
Automate CI/CD pipelines using GitHub Actions for seamless deployment and updates.
Required Qualifications

2+ years of experience in Python development with a focus on deep learning.
Hands-on experience with transformers, Hugging Face, and custom model training.
Proven track record of deploying models on GPU-based infrastructure.
Strong understanding of API design principles and microservices architecture.
Experience with AWS cloud services, Docker, and GitHub Actions.
Excellent problem-solving skills and ability to work in a fast-paced, collaborative environment.
Preferred Qualifications

Experience with multi-modal models or generative AI applications.
Familiarity with MLOps tools and practices.
Contributions to open-source AI projects or publications in relevant fields.

Experience required 2 > Current Experience 1. Skipping this job!
",Skipped,Not Available
4316554983,https://www.linkedin.com/jobs/view/4316554983,Pending,2025-10-19 22:37:17.274984,2025-11-02 22:37:17.337242,Found a Bad Word in About Job,"
About the job
Ready to be pushed beyond what you think you’re capable of?
At Coinbase, our mission is to increase economic freedom in the world. It’s a massive, ambitious opportunity that demands the best of us, every day, as we build the emerging onchain platform — and with it, the future global financial system.
To achieve our mission, we’re seeking a very specific candidate. We want someone who is passionate about our mission and who believes in the power of crypto and blockchain technology to update the financial system. We want someone who is eager to leave their mark on the world, who relishes the pressure and privilege of working with high caliber colleagues, and who actively seeks feedback to keep leveling up. We want someone who will run towards, not away from, solving the company’s hardest problems.
Our work culture is intense and isn’t for everyone. But if you want to build the future alongside others who excel in their disciplines and expect the same from you, there’s no better place to be.
While many roles at Coinbase are remote-first, we are not remote-only. In-person participation is required throughout the year. Team and company-wide offsites are held multiple times annually to foster collaboration, connection, and alignment. Attendance is expected and fully supported.
 Coinbase is seeking software engineer interns to join our team to build out the next generation of crypto-forward products and features. You will solve unique, large scale, highly complex technical problems, bridging the constraints posed by web-scale applications and blockchain technology. You will help build the next generation of systems to make cryptocurrency accessible to everyone across the globe, operating real-time applications with high frequency, low latency updates, and managing the most secure, dockerized infrastructure running in the cloud.
What You’ll Be Doing:
Collaborate with engineers, designers, product managers, and senior leadership to shape and execute our technical roadmap each quarter
Write high-quality, well-tested code that meets customer needs
Tackle unique, large-scale, complex technical challenges
Requirements:
Experience in any object-oriented programming language (gained through coursework, personal projects, or work)
Passion for building user-focused experiences
Self-motivated with a commitment to personal growth
Positive approach to problem-solving
Preferred Qualifications:
Currently pursuing a degree or certificate in Computer Science, Software Engineering, Computer Engineering, Mathematics, or a related field
Experience with Golang, MongoDB, AWS, Docker, Postgres, Ruby, or Rails
Experience developing mobile applications using React Native
Note: This is a 12-week internship program during summer 2026. 
Job #: GETR00SI26
 Pay Transparency Notice: The target annual salary for this position can range as detailed below. Full time offers from Coinbase also include bonus eligibility + benefits (including medical, dental, and vision).
Pay Range:: ₹175,000 INR - ₹175,000 INR
 Please be advised that each candidate may submit a maximum of four applications within any 30-day period. We encourage you to carefully evaluate how your skills and interests align with Coinbase's roles before applying.
Commitment to Equal Opportunity
Coinbase is proud to be an Equal Opportunity Employer. All qualified applicants will receive consideration for employment without regard to race, color, religion, creed, gender, national origin, age, disability, veteran status, sex, gender expression or identity, sexual orientation or any other basis protected by applicable law. Coinbase will also consider for employment qualified applicants with criminal histories in a manner consistent with applicable federal, state and local law. For US applicants, you may view the Employee Rights and the Know Your Rights notices by clicking on their corresponding links. Additionally, Coinbase participates in the E-Verify program in certain locations, as required by law. 
Coinbase is also committed to providing reasonable accommodations to individuals with disabilities. If you need a reasonable accommodation because of a disability for any part of the employment process, please contact us at accommodations[at]coinbase.com to let us know the nature of your request and your contact information. For quick access to screen reading technology compatible with this site click here to download a free compatible screen reader (free step by step tutorial can be found here).
Global Data Privacy Notice for Job Candidates and Applicants
Depending on your location, the General Data Protection Regulation (GDPR) and California Consumer Privacy Act (CCPA) may regulate the way we manage the data of job applicants. Our full notice outlining how data will be processed as part of the application procedure for applicable locations is available here. By submitting your application, you are agreeing to our use and processing of your data as required. For US applicants only, by submitting your application you are agreeing to arbitration of disputes as outlined here. 
AI Disclosure
For select roles, Coinbase is piloting an AI tool based on machine learning technologies to conduct initial screening interviews to qualified applicants. The tool simulates realistic interview scenarios and engages in dynamic conversation. A human recruiter will review your interview responses, provided in the form of a voice recording and/or transcript, to assess them against the qualifications and characteristics outlined in the job description. 
For select roles, Coinbase is also piloting an AI interview intelligence platform to transcribe and summarize interview notes, allowing our interviewers to fully focus on you as the candidate. 
The above pilots are for testing purposes and Coinbase will not use AI to make decisions impacting employment. To request a reasonable accommodation due to disability, please contact accommodations[at]coinbase.com
  

Contains bad word ""Ruby"". Skipping this job!
",Skipped,Not Available
4308917226,https://www.linkedin.com/jobs/view/4308917226,Previous resume,2025-10-03 22:37:21.991499,2025-11-02 22:40:28.872327,Problem in Easy Applying,cannot access local variable 'do_actions' where it is not associated with a value,Easy Applied,Not Available
4314254554,https://www.linkedin.com/jobs/view/4314254554,Pending,2025-10-19 22:44:20.978537,2025-11-02 22:44:21.030745,Found a Bad Word in About Job,"
About the job
Job Description: Generative AI Engineer
Location: Pune
Experience: 1-4 years

Role Overview
We are looking for a Generative AI Engineer who will design, build, deploy, and maintain large language model (LLM)-based solutions. This engineer will work closely with architecture, data science, product, and operations teams to integrate GenAI capabilities into our insurance business processes — such as claims automation, intelligent customer support, underwriting, fraud detection, policy servicing, knowledge management, etc.

Key Responsibilities
Design, build, and deploy solutions using large language models (open source and/or proprietary) to address insurance domain use-cases (e.g. document understanding, claims summarization, question answering, policy retrieval, chatbots).
Evaluate, select, fine-tune, and optimize LLMs for latency, accuracy, cost, security, and compliance.
Work on prompt engineering, data preparation, annotation, and feedback loops to improve model performance.
Model monitoring, performance metrics, bias detection, maintenance of model drift, guardrails.
Architecting GenAI solutions on cloud infrastructure (AWS / Azure / GCP / hybrid) ensuring scalability, reliability, cost effectiveness, and security.
Integrate GenAI components into existing systems (APIs, microservices, UI/UX interfaces) and pipelines.
Ensure data privacy, regulatory compliance (IRDAI, etc.), and internal security standards in handling sensitive data.
Collaborate with cross-functional teams: product, legal/compliance, IT ops, data engineering, UX.
Stay up to date with the latest developments in generative models, LLMs, and AI/ML best practices.

Required Skills & Experience
Must-haves
● Experience in building and deploying NLP / LLM / GenAI projects.
● Solid understanding of cloud architecture: compute, storage, networking, serverless / containers / Kubernetes.
● Hands-on with one or more LLM platforms/frameworks: OpenAI, Anthropic, Hugging Face, Llama/OpenLlama, etc.
● Experience with fine-tuning / prompt engineering / evaluating LLMs (metrics, biases, hallucinations).
● Strong programming skills: Python, possibly some experience with Java / Scala / etc.
● Experience building APIs, microservices, integrating models into production pipelines.
● Familiarity with insurance regulations, data privacy laws in India.
● Good knowledge of ML engineering / MLOps: versioning, CI/CD, model monitoring, logging.
● Ability to work with unstructured data (documents, PDFs, scanned images) and preprocess / clean / extract information.

Nice-to-haves
● Experience in insurance domain (claims, underwriting, risk management).
● Experience with multi-modal models (e.g. images + text) or vision-language models.
● Experience with multilingual LLMs (especially Indian languages).
● Familiarity with responsible AI / ethics, model interpretability.
● Prior experience deploying large models on edge or offline settings.
● Experience with cloud cost optimization for AI workloads.
● Skills in frontend integration (for chatbot or user-facing UI).

Qualifications
Bachelor’s or Master’s degree in Computer Science, Data Science, Artificial Intelligence, Machine Learning, or related field.
Proven track record of shipping AI/ML systems, ideally with visible metrics showing impact.
Strong communication skills, ability to explain technical concepts to non-technical stakeholders.

Contains bad word ""Customer Support"". Skipping this job!
",Skipped,Not Available
4311879061,https://www.linkedin.com/jobs/view/4311879061,Pending,2025-10-12 22:44:33.037666,2025-11-02 22:44:33.184667,Found a Bad Word in About Job,"
About the job
Job Title: Python Developer 
Location: Tamilnadu, India
Location Preference: We are specifically looking to hire talented individuals from Tier 2 and Tier 3 cities for this opportunity.
Employment Type: Full-time

Company Description:

We build big data products, application development, and ERP implementations on the public cloud. Our 200+ years technology expertise in specialized fields helps deliver solutions faster and cheaper to our clients in fintech and manufacturing verticals. Our team is dedicated to delivering high-quality, customized solutions that meet and exceed client expectations.

Position Overview: 

As a Python Developer, you will be responsible for implementing customised software solutions for our clients in the United States. You will work closely with clients to understand their requirements, architect and develop customized solutions, and ensure high-quality code. The ideal candidate will have hands-on experience with Python programming and application development.

Responsibilities: 
Develop customized Python applications to meet client-specific needs.
Collaborate with clients to define project scope, timelines, and deliverables.
Provide support to development teams.
Ensure code quality and adherence to best practices.

Qualifications: 
Bachelor's degree in Computer Science or a related field.
2-5 years of hands-on experience with Python programming.
Strong understanding of ERP systems and business processes.
Excellent problem-solving and analytical skills.
Effective communication and project management skills.

Benefits: 
● Competitive salary and performance bonuses
● Flexible working hours and remote options
● Collaborative, high-impact team environment
● Professional development opportunities 

How to Apply: 
If you are a talented Python Developer looking for a new opportunity, please submit your resume to jobs@megovation.io. We look forward to hearing from you!

Contains bad word ""Manufacturing"". Skipping this job!
",Skipped,Not Available
4314233732,https://www.linkedin.com/jobs/view/4314233732,Pending,2025-10-19 22:44:35.897442,2025-11-02 22:44:35.952201,Required experience is high,"
About the job
Job Title: SSE – Python & LLM Integration
Location: Hybrid, Chandigarh, India
Experience: 3 to 6+ years in software development
Employment Type: Full-time

About the Role
We are looking for a hands-on technical lead with strong Python expertise and a deep understanding of Large Language Model (LLM) integration to lead the design, development, and deployment of AI-powered solutions. This role requires a balance of technical leadership, architecture design, and hands-on coding to ensure high-quality, scalable, and efficient AI-driven applications.

You will collaborate closely with product, data science, and MLOps teams to integrate LLMs into real-world applications, optimize performance, and guide the team in best practices for AI system design.

Key Responsibilities
Lead the development and integration of Python-based applications with LLMs (OpenAI, DeepSeek, Anthropic, LLaMA, etc.).
Architect and implement LLM pipelines including prompt engineering, retrieval-augmented generation (RAG), fine-tuning, and evaluation.
Design scalable microservices and APIs for AI features.
Collaborate with MLOps teams to deploy and monitor AI models in production.
Ensure performance optimization, cost efficiency, and security in LLM workflows.
Guide the team on Python best practices, code reviews, and technical problem-solving.
Stay updated on emerging AI/LLM advancements and propose adoption where beneficial.

Required Skills & Experience
Technical:
Strong proficiency in Python (FastAPI, Flask).
Solid experience with LLM integration (OpenAI API, Hugging Face Transformers, LangChain, LlamaIndex).
Understanding of RAG pipelines (vector databases like Pinecone, Weaviate, FAISS, Milvus).
Experience with prompt engineering & evaluation techniques.
Knowledge of MLOps tools (MLflow, Kubeflow, Langfuse) and deployment on AWS/GCP/Azure.
Familiarity with containerization and orchestration (Docker, Kubernetes).
Strong grasp of REST APIs, GraphQL, and microservices architecture.
Knowledge of model fine-tuning and performance optimization.

Soft Skills:
Excellent leadership and mentoring abilities.
Strong problem-solving and analytical skills.
Effective communication with technical and non-technical stakeholders.
Ability to work in a fast-paced, evolving AI environment.

Nice-to-Have
Experience with agentic AI or Model Context Protocol (MCP).
Background in data pipelines (ETL, streaming data).
Exposure to AI security & compliance practices.
Prior work in scalable enterprise AI products.

Experience required 3 > Current Experience 1. Skipping this job!
",Skipped,Not Available
4319460096,https://www.linkedin.com/jobs/view/4319460096,Pending,2025-10-28 22:44:38.541150,2025-11-02 22:44:38.601258,Required experience is high,"
About the job
Position Overview:

We are looking for a motivated and skilled Python Developer with expertise in Artificial Intelligence (AI) and Machine Learning (ML) to join our expanding technology team. The ideal candidate should possess strong programming abilities in Python, practical experience with ML algorithms, and a passion for leveraging data-driven solutions to address complex business challenges.

Key Responsibilities:

Design, develop, and optimize ML models, algorithms, and pipelines.
Handle large datasets, including preprocessing, feature engineering, and model training.
Build scalable, production-ready ML solutions using Python frameworks.
Collaborate with data scientists, product teams, and business stakeholders to transform requirements into technical deliverables.
Deploy ML models into production environments and monitor their performance.
Continuously refine existing code, enhance model accuracy, and improve efficiency.
Stay updated with the latest advancements in AI/ML and recommend best practices.

Required Qualifications:

2.5–3.5 years of professional experience in Python development.
Strong knowledge of Machine Learning, Deep Learning, and Data Science fundamentals.
Hands-on expertise with libraries and frameworks such as TensorFlow, PyTorch, Scikit-learn, Keras, Pandas, and NumPy.
Solid understanding of data preprocessing, feature engineering, and model evaluation methods.
Experience with SQL/NoSQL databases and building data pipelines.
Familiarity with cloud platforms (AWS, GCP, or Azure) for ML deployment.
Strong analytical and problem-solving skills with the ability to write clean, efficient, and maintainable code.
Excellent communication and collaboration skills.

Preferred Skills:

Experience in Natural Language Processing (NLP) or Computer Vision.
Exposure to MLOps tools (MLflow, Kubeflow, Docker, Kubernetes, Airflow).
Understanding of big data technologies (Spark, Hadoop).
Prior experience in deploying AI/ML models into production environments.

What We Offer:

A collaborative and transparent work culture that values teamwork and continuous learning.
A supportive environment with an open-door policy.
Opportunities for professional growth, learning, and career development.
Competitive salary and benefits package.

Job Details:

Location: Kharadi, Pune
Job Type: Full-time, On-site

Experience required 5 > Current Experience 1. Skipping this job!
",Skipped,Not Available
4332935522,https://www.linkedin.com/jobs/view/4332935522,Pending,2025-10-29 22:44:43.162936,2025-11-02 22:44:51.609939,Problem in Easy Applying,"Message: 
Stacktrace:
	GetHandleVerifier [0x0x7ff6a4a7e8e5+80021]
	GetHandleVerifier [0x0x7ff6a4a7e940+80112]
	(No symbol) [0x0x7ff6a480060f]
	(No symbol) [0x0x7ff6a4858854]
	(No symbol) [0x0x7ff6a4858b1c]
	(No symbol) [0x0x7ff6a48ac927]
	(No symbol) [0x0x7ff6a488126f]
	(No symbol) [0x0x7ff6a48a968a]
	(No symbol) [0x0x7ff6a4881003]
	(No symbol) [0x0x7ff6a48495d1]
	(No symbol) [0x0x7ff6a484a3f3]
	GetHandleVerifier [0x0x7ff6a4d3dc7d+2960429]
	GetHandleVerifier [0x0x7ff6a4d37f3a+2936554]
	GetHandleVerifier [0x0x7ff6a4d58977+3070247]
	GetHandleVerifier [0x0x7ff6a4a983ce+185214]
	GetHandleVerifier [0x0x7ff6a4a9fe1f+216527]
	GetHandleVerifier [0x0x7ff6a4a87b24+117460]
	GetHandleVerifier [0x0x7ff6a4a87cdf+117903]
	GetHandleVerifier [0x0x7ff6a4a6dbb8+11112]
	BaseThreadInitThunk [0x0x7fff435fe8d7+23]
	RtlUserThreadStart [0x0x7fff4414c53c+44]
",Easy Applied,Not Available
4311926794,https://www.linkedin.com/jobs/view/4311926794,Pending,2025-10-19 22:45:00.926168,2025-11-02 22:45:10.003353,Problem in Easy Applying,"Message: 
Stacktrace:
	GetHandleVerifier [0x0x7ff6a4a7e8e5+80021]
	GetHandleVerifier [0x0x7ff6a4a7e940+80112]
	(No symbol) [0x0x7ff6a480060f]
	(No symbol) [0x0x7ff6a4858854]
	(No symbol) [0x0x7ff6a4858b1c]
	(No symbol) [0x0x7ff6a48ac927]
	(No symbol) [0x0x7ff6a488126f]
	(No symbol) [0x0x7ff6a48a968a]
	(No symbol) [0x0x7ff6a4881003]
	(No symbol) [0x0x7ff6a48495d1]
	(No symbol) [0x0x7ff6a484a3f3]
	GetHandleVerifier [0x0x7ff6a4d3dc7d+2960429]
	GetHandleVerifier [0x0x7ff6a4d37f3a+2936554]
	GetHandleVerifier [0x0x7ff6a4d58977+3070247]
	GetHandleVerifier [0x0x7ff6a4a983ce+185214]
	GetHandleVerifier [0x0x7ff6a4a9fe1f+216527]
	GetHandleVerifier [0x0x7ff6a4a87b24+117460]
	GetHandleVerifier [0x0x7ff6a4a87cdf+117903]
	GetHandleVerifier [0x0x7ff6a4a6dbb8+11112]
	BaseThreadInitThunk [0x0x7fff435fe8d7+23]
	RtlUserThreadStart [0x0x7fff4414c53c+44]
",Easy Applied,Not Available
4253622554,https://www.linkedin.com/jobs/view/4253622554,Pending,2025-07-05 22:49:05.278392,2025-11-02 22:49:13.889213,Problem in Easy Applying,"Message: 
Stacktrace:
	GetHandleVerifier [0x0x7ff6a4a7e8e5+80021]
	GetHandleVerifier [0x0x7ff6a4a7e940+80112]
	(No symbol) [0x0x7ff6a480060f]
	(No symbol) [0x0x7ff6a4858854]
	(No symbol) [0x0x7ff6a4858b1c]
	(No symbol) [0x0x7ff6a48ac927]
	(No symbol) [0x0x7ff6a488126f]
	(No symbol) [0x0x7ff6a48a968a]
	(No symbol) [0x0x7ff6a4881003]
	(No symbol) [0x0x7ff6a48495d1]
	(No symbol) [0x0x7ff6a484a3f3]
	GetHandleVerifier [0x0x7ff6a4d3dc7d+2960429]
	GetHandleVerifier [0x0x7ff6a4d37f3a+2936554]
	GetHandleVerifier [0x0x7ff6a4d58977+3070247]
	GetHandleVerifier [0x0x7ff6a4a983ce+185214]
	GetHandleVerifier [0x0x7ff6a4a9fe1f+216527]
	GetHandleVerifier [0x0x7ff6a4a87b24+117460]
	GetHandleVerifier [0x0x7ff6a4a87cdf+117903]
	GetHandleVerifier [0x0x7ff6a4a6dbb8+11112]
	BaseThreadInitThunk [0x0x7fff435fe8d7+23]
	RtlUserThreadStart [0x0x7fff4414c53c+44]
",Easy Applied,Not Available
4320000846,https://www.linkedin.com/jobs/view/4320000846,Pending,2025-10-30 22:50:41.942451,2025-11-02 22:50:41.990600,Required experience is high,"
About the job
Role: AI Engineer
Location: Pune (On-site)
Type: Full-Time
Experience: 3+ Years 
Timings: 3:00 pm – 12:00 am

Job Title: AI Engineer 

About the Role 
We’re hiring an AI Engineer with hands-on expertise in Large Language Models (LLMs) and Generative AI to build intelligent solutions like chatbots, content generators, and summarization tools. The role involves full-cycle AI development, from model design and integration to deployment and optimization, using frameworks like OpenAI, Hugging Face, Lang Chain, and vector databases. 
 Key Responsibilities 
Design, develop, and deploy LLM-based Generative AI applications (chatbots, Q&A systems, summarizers). 
Work with OpenAI, Hugging Face, Cohere, and similar APIs for model integration. 
Apply prompt engineering, RAG pipelines, and fine-tuning for business-specific use cases. 
Integrate AI models with web/mobile apps, collaborating with frontend and backend teams. 
Utilize Lang Chain, Llama Index, and vector DBs (Pinecone, FAISS, We-Aviate) for semantic search and LLM orchestration. 
Deploy and monitor models on AWS/GCP/Azure (Any one is fine) ensuring performance and cost efficiency. 
Stay updated on emerging trends in Generative AI and LLMs. 
 Requirements 
B.E./B.Tech/M.Tech in Computer Science, AI/ML, or related field. 
3–5 years of hands-on experience in AI/ML and Generative AI projects. 
Strong Python programming skills. 
Practical experience with OpenAI APIs, Hugging Face Transformers, or similar tools. 
Familiarity with Lang Chain, embeddings, and LLM orchestration. 
Experience deploying AI solutions on cloud platforms (AWS, GCP, or Azure). 
Excellent communication and collaboration skills.

Experience required 5 > Current Experience 1. Skipping this job!
",Skipped,Not Available
4319847386,https://www.linkedin.com/jobs/view/4319847386,Pending,2025-10-31 22:54:05.739021,2025-11-02 22:54:05.793696,Found a Bad Word in About Job,"
About the job
About the Company
ZeTheta Algorithms Private Limited is a FinTech start-up which has been recently set up and is developing innovative AI tools.
About the Role
We are seeking a talented and motivated student intern for Portfolio Management - Wealth Manager role. This is an extraordinary opportunity for a self-driven, financially skilled student with an eye for investment analysis and advisory.
About the Internship:
As a Wealth Manager, you will work on cutting-edge projects involving investment advisory, portfolio management, asset allocation and risk profiling. You will have the opportunity to engage in multiple mini-projects across a large number of functional areas. The internship is designed to provide practical exposure to wealth management simulation.
Key Responsibilities
As part of the internship, you will work through a structured set of assignments designed to enhance your understanding of investment strategies and client portfolio management - asset allocation. Your primary responsibilities will include:
1. Wealth Management & Client Engagement
Learn about client interaction and investment strategies.
Assist in preparing pitch books and investment presentations for clients.
Analyze and present market data insights for portfolio recommendations.
Participate in mock client meetings to develop communication skills.
2. Financial Research & Analysis
Conduct fundamental and technical analysis of equities and alternative investments.
Understand debt securities and yield to maturity (YTM) calculations.
Compare investment options such as corporate bonds, NCDs, and mutual funds.
3. Portfolio & Risk Management
Develop portfolio allocation strategies.
Perform AI powered risk profiling using our Virtual Risk Analyser and understand your behavioural biases.
Create a portfolio of assets allocating virtual money to buy equities, debt, ETFs and alternative investments such as REITs, INVITs etc. with near live price feeds and compare your asset allocation to target asset allocation suggested through AI powered risk profiling.
4. Technical & AI-Driven Financial Tools
Learn about artificial intelligence in portfolio management.
Work on Virtual Risk Analyser.
Work on Virtual Portfolio Analyser.
5. Capstone Project
Prepare an investment proposal for a client, including:
Portfolio allocation recommendations.
Long-term macroeconomic outlook.
Security/fund selection and justification.
What You Will Learn
Practical exposure to investment advisory, portfolio construction, and risk analysis.
Hands-on experience of asset allocation using investment advisory tools.
Strong analytical and financial modelling skills.
Enhanced presentation and communication skills.
Knowledge of AI applications in finance.
Who Should Apply?
Student of fresh graduate from any academic discipline.
Strong analytical and problem-solving skills.
Basic knowledge of Microsoft Office.
Willingness to self-learn and work in a fast-paced environment.
Internship Details
Duration: Self-paced. Option of 1 month or 2 months within a period of 4 months provided.
Type: Unpaid

Contains bad word ""Construction"". Skipping this job!
",Skipped,Not Available
4315811706,https://www.linkedin.com/jobs/view/4315811706,Pending,2025-10-19 22:54:25.724482,2025-11-02 22:54:25.802317,Required experience is high,"
About the job
🌍 Join the Mission: Junior ESG Data Analyst (Remote)
 Location: Remote | Headquarters: Frankfurt, Germany
 Start Date: 1st January 2026
 Type: Full-time | Junior Level

Agents for Impact (AfI) is a fast-growing player in the field of impact investing and ESG services, supporting financial institutions around the world-especially in developing and emerging markets-in becoming more sustainable, resilient, and responsible. As we continue to expand our service portfolio and grow our data-driven offerings, we are looking for a Junior ESG Data Analyst to join our dynamic and mission-driven team.

What You’ll Be Working On:

You will support our team in enhancing and digitizing key ESG processes and products. Key responsibilities include:

Assisting in the automation of Sustainability Rating data reporting process with the help of Microsoft Copilot Studio and PowerAutomate
Supporting the development of interactive ESG Dashboards in Power BI 
Contributing to the development and rollout of ESG digital products and tools
Helping to create visually compelling PowerPoint presentations and templates that communicate ESG and sustainability performance to financial market participants and impact investors
Assisting in the structuring and organization of internal ESG data repository

What We’re Looking For:

Strong analytical skills and a solid understanding of ESG KPIs (qualitative and quantitative)
Strong background with automation tools or applications
Proficiency in MS Excel (Pivot Tables, PowerQuery), Power BI, and working with databases (SQL and non-SQL)
Passion for sustainability and ESG topics
Strong attention to detail, curiosity, and a collaborative mindset
Design and presentation skills (e.g., PowerBI, PowerPoint, Canva) are a plus
Fluency in English; knowledge of Russian is an advantage
Open to candidates with 0–2 years of relevant experience (recent graduates welcome)

Skills Needed:

· Microsoft Copilot Studio
· PowerBI
· PowerPoint
· PowerApp
· PowerAutomate
· Microsoft365
· Advanced Excel skills
· Database Management System
· Prompt Engineering

Why Join Us?

Work remotely with flexible hours in an international and mission-aligned team
Be part of an innovative and growing company shaping the future of ESG in finance
Gain exposure to real-world sustainability challenges faced by financial institutions in emerging markets
Opportunity to grow professionally and contribute to the development of cutting-edge ESG tools and services

Ready to Make an Impact?

 We look forward to receiving your application (CV and short motivation) at info@agentsforimpact.com. Kindly put “Application Junior ESG Data Analyst” in the title of your application. 
Let’s build a more sustainable financial world together!

Experience required 2 > Current Experience 1. Skipping this job!
",Skipped,Not Available
4316095786,https://www.linkedin.com/jobs/view/4316095786,Previous resume,2025-10-19 22:54:30.453310,2025-11-02 23:42:28.005628,Problem in Easy Applying,"Message: no such window: target window already closed
from unknown error: web view not found
  (Session info: chrome=141.0.7390.123)
Stacktrace:
	GetHandleVerifier [0x0x7ff6a4a7e8e5+80021]
	GetHandleVerifier [0x0x7ff6a4a7e940+80112]
	(No symbol) [0x0x7ff6a480060f]
	(No symbol) [0x0x7ff6a47d82f1]
	(No symbol) [0x0x7ff6a48888be]
	(No symbol) [0x0x7ff6a48a8fa2]
	(No symbol) [0x0x7ff6a4881003]
	(No symbol) [0x0x7ff6a48495d1]
	(No symbol) [0x0x7ff6a484a3f3]
	GetHandleVerifier [0x0x7ff6a4d3dc7d+2960429]
	GetHandleVerifier [0x0x7ff6a4d37f3a+2936554]
	GetHandleVerifier [0x0x7ff6a4d58977+3070247]
	GetHandleVerifier [0x0x7ff6a4a983ce+185214]
	GetHandleVerifier [0x0x7ff6a4a9fe1f+216527]
	GetHandleVerifier [0x0x7ff6a4a87b24+117460]
	GetHandleVerifier [0x0x7ff6a4a87cdf+117903]
	GetHandleVerifier [0x0x7ff6a4a6dbb8+11112]
	BaseThreadInitThunk [0x0x7fff435fe8d7+23]
	RtlUserThreadStart [0x0x7fff4414c53c+44]
",Easy Applied,Not Available
4332622011,https://www.linkedin.com/jobs/view/4332622011,Pending,Unknown,2025-11-02 23:55:25.866790,Found a Bad Word in About Job,"
About the job
Company Description
priwison llp - FMCG BRAND

Role Description
SHOPIFY IS A MUST! This is an on-site internship role for a Web Developer located in Mumbai. The Web Developer intern will work on tasks such as designing, developing, and maintaining web applications. This includes front-end and back-end development, programming to implement functionalities, and ensuring an optimal user experience through web design. The role involves collaboration with team members to deliver high-quality technology solutions within specified timelines.

Qualifications
Proficiency in Back-End Web Development and Programming
Skills in Front-End Development and Web Design
Experience or knowledge in general Web Development concepts and practices
Strong analytical and problem-solving abilities
Ability to work collaboratively in an on-site team environment
Pursuing or completed a degree in Computer Science, Information Technology, or a related field


NOTE: This is a 3 month PAID internship culminating into a Full Time Role based on
performance.

Ready to Make an Impact?
Click &quot;Apply&quot; or send your profile directly to Manav Modi [manavdmodi@gmail.com/
Priwison@gmail.com]

Contains bad word ""Shopify"". Skipping this job!
",Skipped,Not Available
4332602908,https://www.linkedin.com/jobs/view/4332602908,Pending,2025-11-02 20:55:28.405464,2025-11-02 23:55:28.453409,Required experience is high,"
About the job
We’re Hiring | Full Stack Developer (React + Node.js)

Bakhul Tech is looking for a passionate and growth-driven Full Stack Developer skilled in React.js and Node.js to join our dynamic team! 

 Position Details:
Experience: Minimum 2 Years
Role Type: Full-Time (On-site / Remote)
Salary: Up to ₹20,000/month
Location: Bhopal / Remote

We’re Looking For Someone Who:
Has strong knowledge of React.js, Node.js, MongoDB & REST APIs
Writes clean, maintainable, and scalable code
Communicates effectively & collaborates with the team
Shows leadership and takes ownership of projects
Is eager to learn and grow long-term with us

 Why Join Bakhul Tech?
Be part of an innovative and supportive team
Work on impactful real-world projects
Grow into leadership and product roles
Enjoy a flexible work culture (Office + Remote)
📩 Apply Now: hr@bakhultech.com

 📞 Contact: +91 7725861803
 💬 Or simply DM us today!

Experience required 2 > Current Experience 1. Skipping this job!
",Skipped,Not Available
4320217674,https://www.linkedin.com/jobs/view/4320217674,Pending,2025-11-02 19:55:42.452382,2025-11-02 23:55:42.513898,Found a Bad Word in About Job,"
About the job
We're building India's first protein shake vending machine designed for gyms (not repurposed coffee machines). Fresh shakes in under a minute, UPI payments, auto-cleaning. Backed by NTU Singapore. Now entering pilot manufacturing and need someone to build the cloud layer.

What you'll build:

Admin Dashboard
 Web interface for gym owners and service teams. Real-time sales, machine health, inventory alerts. Config pages to update flavours, prices, availability - changes sync instantly to machines. Command triggers like ""Lockout"" or ""Start Clean Cycle"" that execute remotely.

Machine-Cloud Gateway
 The bridge between our ESP32-powered machines and Firebase. You'll design the Firestore schema for machines, orders, telemetry. Write Cloud Functions for order validation, command dispatch, event logging. Handle device sync so dashboard updates push live to the DWIN tablet through ESP32. Build APIs/WebSocket endpoints for firmware communication.

Backend Systems
Server-side payment validation and business logic using Firebase Cloud Functions (Node.js). REST APIs for machine registration, telemetry ingestion, remote commands. Structured logging for machine performance and diagnostics.

 Tech stack:

Firebase (Firestore, Cloud Functions, Auth, Messaging)
Node.js/Express for custom endpoints and webhooks
Firestore security rules and data modeling
GitHub workflow
Helpful but optional: React/Tailwind for dashboard UI, Recharts/Chart.js, TypeScript, ESP32/IoT protocols (MQTT, serial, WebSocket), payment gateway experience.


What matters:
You've shipped something. Doesn't have to be production - a college project where you’ve handled databases, APIs, and frontend counts. Just something that proves you can build end-to-end.
You debug properly. Check logs, read serial output, isolate the problem systematically.
You think about edge cases. What happens if WiFi drops mid-transaction? What if Firebase query returns null? Machines breaking at 6 AM because of a null pointer isn't acceptable.
You understand when to use what. Firebase is fast for prototyping but has limits. Sometimes you need Postgres or Redis. You make pragmatic choices.

The reality:
You'll work with the founders. Expect to parse serial data from sensors, handle ESP32 UART events, and deal with timing constraints. You'll build systems where dashboard config → Firebase → ESP32 → DWIN display automatically. You'll debug why telemetry stopped flowing or why a command didn't reach the machine. This is IoT in production, not a web app.

Who should apply:
Final year students and new grads welcome. If you've built something real and can explain how it works, you're qualified. Problem-solving matters more than credentials.


Logistics:
Chennai
Start immediately
Full-time, compensation can be discussed based on involvement and long-term alignment

To apply:
Email: smartshakevending@gmail.com with:
GitHub/portfolio - we need to see code
Best project you've built: what stack, what problems, what you'd improve
When you can start

Website: www.smartshakevending.com 

Contains bad word ""Perl"". Skipping this job!
",Skipped,Not Available
4320295092,https://www.linkedin.com/jobs/view/4320295092,Pending,2025-11-02 19:55:47.036504,2025-11-02 23:55:55.821744,Problem in Easy Applying,"Message: 
Stacktrace:
	GetHandleVerifier [0x0x7ff6a4a7e8e5+80021]
	GetHandleVerifier [0x0x7ff6a4a7e940+80112]
	(No symbol) [0x0x7ff6a480060f]
	(No symbol) [0x0x7ff6a4858854]
	(No symbol) [0x0x7ff6a4858b1c]
	(No symbol) [0x0x7ff6a48ac927]
	(No symbol) [0x0x7ff6a488126f]
	(No symbol) [0x0x7ff6a48a968a]
	(No symbol) [0x0x7ff6a4881003]
	(No symbol) [0x0x7ff6a48495d1]
	(No symbol) [0x0x7ff6a484a3f3]
	GetHandleVerifier [0x0x7ff6a4d3dc7d+2960429]
	GetHandleVerifier [0x0x7ff6a4d37f3a+2936554]
	GetHandleVerifier [0x0x7ff6a4d58977+3070247]
	GetHandleVerifier [0x0x7ff6a4a983ce+185214]
	GetHandleVerifier [0x0x7ff6a4a9fe1f+216527]
	GetHandleVerifier [0x0x7ff6a4a87b24+117460]
	GetHandleVerifier [0x0x7ff6a4a87cdf+117903]
	GetHandleVerifier [0x0x7ff6a4a6dbb8+11112]
	BaseThreadInitThunk [0x0x7fff435fe8d7+23]
	RtlUserThreadStart [0x0x7fff4414c53c+44]
",Easy Applied,Not Available
4320326822,https://www.linkedin.com/jobs/view/4320326822,Pending,2025-11-02 19:56:00.701014,2025-11-02 23:56:00.740238,Required experience is high,"
About the job
Company Description
ZestFindz is a platform that offers thoughtfully curated, everyday essentials with a creative and modern touch. From fashion and lifestyle to home utilities and skincare, we emphasize quality, utility, and design through a seamless digital shopping experience. Headquartered in India, ZestFindz partners with emerging brands and local vendors to deliver a diverse range of products that enhance daily living. Our mission is to empower contemporary consumers by offering smart, practical, and stylish choices for their lifestyles.

Role Description
We are seeking a talented Full Stack Developer to design, build, and maintain scalable web and mobile applications. The ideal candidate should have hands-on experience in frontend (React.js, Next.js), backend (Node.js, Express), databases (PostgreSQL, MongoDB), and Python for AI/ML integration. You will work closely with the engineering team to deliver secure, high-performance, and user-friendly products.

Key Responsibilities
Develop responsive and dynamic web applications using React.js, Next.js and modern UI frameworks.
Build and optimize REST APIs and backend services with Node.js and Express.js.
Design and manage PostgreSQL and MongoDB databases, ensuring optimized queries and data modeling.
Implement state management using Redux/Context API.
Ensure API security with JWT, OAuth2, Helmet.js, and rate-limiting.
Integrate Google Cloud services (GCP) for hosting, storage, and serverless functions.
Deploy and maintain applications using CI/CD pipelines, Docker, and Kubernetes.
Use Redis for caching, sessions, and job queues.
Optimize frontend performance (lazy loading, code splitting, caching strategies).
Collaborate with design, QA, and product teams to deliver high-quality features.
Maintain clear documentation and follow coding standards.

Annual salary: 
6 LPA to 12 LPA

Qualifications
Bachelor's degree or equivalent experience in Computer Science
At least 2 - 4years' of experience

Experience required 2 > Current Experience 1. Skipping this job!
",Skipped,Not Available
4320038575,https://www.linkedin.com/jobs/view/4320038575,Pending,2025-11-02 19:56:05.239722,2025-11-02 23:56:05.286671,Found a Bad Word in About Job,"
About the job
Role Description
We're looking for a full-time developer (preferably in Delhi NCR) who enjoys solving puzzles - the kind that involves untangling legacy code and rebuilding it into something faster, cleaner, and future-ready. Your mission is to migrate our existing applications from an older framework into React, without losing business logic (or your patience).

Qualifications
• 1+ years of experience working with React is required.
• Experience of working with PHP and SQL is preferred.
• Strong debugging, problem-solving, and optimization skills,
• Ability to work collaboratively in a fast-paced environment.

Contains bad word ""PHP"". Skipping this job!
",Skipped,Not Available
4332189377,https://www.linkedin.com/jobs/view/4332189377,Pending,2025-11-02 15:56:53.253113,2025-11-02 23:56:53.287996,Required experience is high,"
About the job
Location - Bengaluru, KA
Work Mode - Work from Office
Work Hours - General India Shift
Description - 
Complete all Production Readiness related tasks (Integration Testing, Metrics and Alarms setup, Runbook updates, AWS CDK setup) for an AWS application,
Working collaboratively with cross functional teams (Ex: Technical requirement gathering, code review). 
Required - 
1. 2+ years In development 
2. Proficiency in Core Java, DSA, OOPS, AWS
3. Bachelor degree in computer science or related Stream

Experience required 2 > Current Experience 1. Skipping this job!
",Skipped,Not Available
4303219003,https://www.linkedin.com/jobs/view/4303219003,Pending,2025-11-02 15:56:55.998581,2025-11-02 23:57:04.455563,Problem in Easy Applying,"Message: 
Stacktrace:
	GetHandleVerifier [0x0x7ff6a4a7e8e5+80021]
	GetHandleVerifier [0x0x7ff6a4a7e940+80112]
	(No symbol) [0x0x7ff6a480060f]
	(No symbol) [0x0x7ff6a4858854]
	(No symbol) [0x0x7ff6a4858b1c]
	(No symbol) [0x0x7ff6a48ac927]
	(No symbol) [0x0x7ff6a488126f]
	(No symbol) [0x0x7ff6a48a968a]
	(No symbol) [0x0x7ff6a4881003]
	(No symbol) [0x0x7ff6a48495d1]
	(No symbol) [0x0x7ff6a484a3f3]
	GetHandleVerifier [0x0x7ff6a4d3dc7d+2960429]
	GetHandleVerifier [0x0x7ff6a4d37f3a+2936554]
	GetHandleVerifier [0x0x7ff6a4d58977+3070247]
	GetHandleVerifier [0x0x7ff6a4a983ce+185214]
	GetHandleVerifier [0x0x7ff6a4a9fe1f+216527]
	GetHandleVerifier [0x0x7ff6a4a87b24+117460]
	GetHandleVerifier [0x0x7ff6a4a87cdf+117903]
	GetHandleVerifier [0x0x7ff6a4a6dbb8+11112]
	BaseThreadInitThunk [0x0x7fff435fe8d7+23]
	RtlUserThreadStart [0x0x7fff4414c53c+44]
",Easy Applied,Not Available
4320207299,https://www.linkedin.com/jobs/view/4320207299,Pending,2025-11-02 14:57:11.181844,2025-11-02 23:57:11.239290,Found a Bad Word in About Job,"
About the job
Company Description

At Riverwood, we create more than homes; we craft meaningful experiences and spaces that blend design and affordability. With a focus on thoughtful design and quality, our projects reflect a commitment to building enduring communities that inspire growth and nurture lives. Each Riverwood project is a promise of trust, opportunity, and lasting elegance. Investing with Riverwood means investing in a life of purpose and lasting value.

Internship Description

We are building an AI voice agent that can call our homebuyers every morning, speak in a natural human voice (Hindi + English), hold short friendly conversations like “Namaste, chai pee li?”, and then share that day’s construction update — all while remembering each customer’s preferences and improving every day.
You’ll work directly with the founders to prototype and launch this system — India’s first real-estate Voice AI CRM.

Responsibilities
Build a conversational AI caller using tools such as OpenAI Realtime API, ElevenLabs, Vocode, or Twilio Voice API.
Connect it with basic customer data (Google Sheet / CRM).
Enable real-time speech recognition and response in Hindi + English.
Add short-term memory so the agent remembers past chats.
Continuously test and refine tone, latency, and realism.
 Desired Skills
Python / JavaScript basics
Experience (or curiosity) with APIs such as OpenAI, ElevenLabs, Twilio, LangChain, or Vocode
Interest in conversational AI, speech tech, or automation
Strong problem-solving and self-learning mindset
(Hands-on builders preferred over theoretical AI learners.)
Eligibility
Open to students / recent grads in any technical or design stream. Portfolio > Degree.

Location
Flexible – Remote 
Stipend
₹15,000 – ₹25,000 per month + Performance bonus
Duration
2 – 3 months (extension / full-time offer possible)

Contains bad word ""Construction"". Skipping this job!
",Skipped,Not Available
4320317134,https://www.linkedin.com/jobs/view/4320317134,Pending,2025-11-02 14:57:15.752543,2025-11-02 23:57:24.825162,Problem in Easy Applying,"Message: 
Stacktrace:
	GetHandleVerifier [0x0x7ff6a4a7e8e5+80021]
	GetHandleVerifier [0x0x7ff6a4a7e940+80112]
	(No symbol) [0x0x7ff6a480060f]
	(No symbol) [0x0x7ff6a4858854]
	(No symbol) [0x0x7ff6a4858b1c]
	(No symbol) [0x0x7ff6a48ac927]
	(No symbol) [0x0x7ff6a488126f]
	(No symbol) [0x0x7ff6a48a968a]
	(No symbol) [0x0x7ff6a4881003]
	(No symbol) [0x0x7ff6a48495d1]
	(No symbol) [0x0x7ff6a484a3f3]
	GetHandleVerifier [0x0x7ff6a4d3dc7d+2960429]
	GetHandleVerifier [0x0x7ff6a4d37f3a+2936554]
	GetHandleVerifier [0x0x7ff6a4d58977+3070247]
	GetHandleVerifier [0x0x7ff6a4a983ce+185214]
	GetHandleVerifier [0x0x7ff6a4a9fe1f+216527]
	GetHandleVerifier [0x0x7ff6a4a87b24+117460]
	GetHandleVerifier [0x0x7ff6a4a87cdf+117903]
	GetHandleVerifier [0x0x7ff6a4a6dbb8+11112]
	BaseThreadInitThunk [0x0x7fff435fe8d7+23]
	RtlUserThreadStart [0x0x7fff4414c53c+44]
",Easy Applied,Not Available
4320137388,https://www.linkedin.com/jobs/view/4320137388,Pending,2025-11-02 13:57:31.472309,2025-11-02 23:57:40.028782,Problem in Easy Applying,"Message: 
Stacktrace:
	GetHandleVerifier [0x0x7ff6a4a7e8e5+80021]
	GetHandleVerifier [0x0x7ff6a4a7e940+80112]
	(No symbol) [0x0x7ff6a480060f]
	(No symbol) [0x0x7ff6a4858854]
	(No symbol) [0x0x7ff6a4858b1c]
	(No symbol) [0x0x7ff6a48ac927]
	(No symbol) [0x0x7ff6a488126f]
	(No symbol) [0x0x7ff6a48a968a]
	(No symbol) [0x0x7ff6a4881003]
	(No symbol) [0x0x7ff6a48495d1]
	(No symbol) [0x0x7ff6a484a3f3]
	GetHandleVerifier [0x0x7ff6a4d3dc7d+2960429]
	GetHandleVerifier [0x0x7ff6a4d37f3a+2936554]
	GetHandleVerifier [0x0x7ff6a4d58977+3070247]
	GetHandleVerifier [0x0x7ff6a4a983ce+185214]
	GetHandleVerifier [0x0x7ff6a4a9fe1f+216527]
	GetHandleVerifier [0x0x7ff6a4a87b24+117460]
	GetHandleVerifier [0x0x7ff6a4a87cdf+117903]
	GetHandleVerifier [0x0x7ff6a4a6dbb8+11112]
	BaseThreadInitThunk [0x0x7fff435fe8d7+23]
	RtlUserThreadStart [0x0x7fff4414c53c+44]
",Easy Applied,Not Available
4320326250,https://www.linkedin.com/jobs/view/4320326250,Pending,2025-11-02 12:57:46.627663,2025-11-02 23:57:55.232342,Problem in Easy Applying,"Message: 
Stacktrace:
	GetHandleVerifier [0x0x7ff6a4a7e8e5+80021]
	GetHandleVerifier [0x0x7ff6a4a7e940+80112]
	(No symbol) [0x0x7ff6a480060f]
	(No symbol) [0x0x7ff6a4858854]
	(No symbol) [0x0x7ff6a4858b1c]
	(No symbol) [0x0x7ff6a48ac927]
	(No symbol) [0x0x7ff6a488126f]
	(No symbol) [0x0x7ff6a48a968a]
	(No symbol) [0x0x7ff6a4881003]
	(No symbol) [0x0x7ff6a48495d1]
	(No symbol) [0x0x7ff6a484a3f3]
	GetHandleVerifier [0x0x7ff6a4d3dc7d+2960429]
	GetHandleVerifier [0x0x7ff6a4d37f3a+2936554]
	GetHandleVerifier [0x0x7ff6a4d58977+3070247]
	GetHandleVerifier [0x0x7ff6a4a983ce+185214]
	GetHandleVerifier [0x0x7ff6a4a9fe1f+216527]
	GetHandleVerifier [0x0x7ff6a4a87b24+117460]
	GetHandleVerifier [0x0x7ff6a4a87cdf+117903]
	GetHandleVerifier [0x0x7ff6a4a6dbb8+11112]
	BaseThreadInitThunk [0x0x7fff435fe8d7+23]
	RtlUserThreadStart [0x0x7fff4414c53c+44]
",Easy Applied,Not Available
4332168514,https://www.linkedin.com/jobs/view/4332168514,Pending,2025-11-02 10:58:01.920348,2025-11-02 23:58:01.967089,Found a Bad Word in About Job,"
About the job
Full-Time Laravel Developer (PHP + MySQL)
Develop, test, and maintain web applications using Laravel (PHP Framework)
Design and manage databases in MySQL
Integrate APIs and ensure data security and performance
Collaborate with front-end developers to implement responsive UI and smooth data flow
Troubleshoot, debug, and optimize code for maximum speed and scalability
Participate in code reviews and follow best development practices

SKILLS Required
Strong knowledge of PHP, Laravel Framework, and MySQL
Experience in RESTful APIs, MVC architecture, and database design
Basic understanding of HTML, CSS, JavaScript for front-end integration
Knowledge of Git / version control
Problem-solving mindset and clean coding habits

Preferred Qualification
Bachelor’s in Computer Science / IT or related field
0–2 years of experience (Freshers with strong project exposure are welcome!)
Hands-on experience with CRUD operations, authentication, and API integration
Knowledge of server deployment (Apache/Nginx) is a plus

--------------------------------------------------------------------------------------------
Work on real-world projects with modern technologies
Collaborative and creative team culture
Mentorship and skill growth opportunities
Paid internship with a performance-based full-time offer

Contains bad word ""PHP"". Skipping this job!
",Skipped,Not Available
4332155717,https://www.linkedin.com/jobs/view/4332155717,Pending,2025-11-02 10:58:06.656240,2025-11-02 23:58:15.130465,Problem in Easy Applying,"Message: 
Stacktrace:
	GetHandleVerifier [0x0x7ff6a4a7e8e5+80021]
	GetHandleVerifier [0x0x7ff6a4a7e940+80112]
	(No symbol) [0x0x7ff6a480060f]
	(No symbol) [0x0x7ff6a4858854]
	(No symbol) [0x0x7ff6a4858b1c]
	(No symbol) [0x0x7ff6a48ac927]
	(No symbol) [0x0x7ff6a488126f]
	(No symbol) [0x0x7ff6a48a968a]
	(No symbol) [0x0x7ff6a4881003]
	(No symbol) [0x0x7ff6a48495d1]
	(No symbol) [0x0x7ff6a484a3f3]
	GetHandleVerifier [0x0x7ff6a4d3dc7d+2960429]
	GetHandleVerifier [0x0x7ff6a4d37f3a+2936554]
	GetHandleVerifier [0x0x7ff6a4d58977+3070247]
	GetHandleVerifier [0x0x7ff6a4a983ce+185214]
	GetHandleVerifier [0x0x7ff6a4a9fe1f+216527]
	GetHandleVerifier [0x0x7ff6a4a87b24+117460]
	GetHandleVerifier [0x0x7ff6a4a87cdf+117903]
	GetHandleVerifier [0x0x7ff6a4a6dbb8+11112]
	BaseThreadInitThunk [0x0x7fff435fe8d7+23]
	RtlUserThreadStart [0x0x7fff4414c53c+44]
",Easy Applied,Not Available
4320136866,https://www.linkedin.com/jobs/view/4320136866,Pending,2025-11-02 10:58:21.706536,2025-11-02 23:58:21.766755,Required experience is high,"
About the job
Designation: Front-end Engineer — Next.js / TypeScript (1–3 yrs)
Job Location: Permanent Work from Home (The office location is in Bangalore, but Permanent Work from Home is being provided to all employees. Candidates anywhere in India can apply.)
Experience: 1 - 3 years
Notice period: Immediate joiner or a maximum of 30 days

Role summary:
Help build OPTIMAS’s web portals (Customer, Partner/Channel, Sales/Pre-sales intranet). You’ll ship responsive, accessible, high-performance UI in Next.js + TypeScript, wire up PWA features, and work closely with backend and design to deliver production features fast.

What you’ll do
Build web/PWA portals using Next.js (App Router) + TypeScript with SSR/ISR.
Implement responsive layouts and WCAG 2.2 accessibility across components and flows.
Consume our design tokens (from Figma Variables → JSON → CSS vars/Tailwind).
Implement file uploads via pre-signed URLs; robust empty/error/skeleton states.
Add PWA capabilities (install prompt, offline cache via Workbox, basic web push on Android).
Integrate with backend APIs for ticketing, LMS deep links (Disprz), CRM/ERP views.
Add analytics events, feature flags, and guardrails (auth/session, rate-limits at BFF).
Write tests (Jest/Playwright), participate in code reviews, and contribute to CI.

Must-have skills
1–3 years with React/Next.js and TypeScript (SSR/ISR fundamentals).
Strong UI engineering: Auto Layout-like CSS, Tailwind or CSS-in-JS, form patterns.
State management (React Query/Zustand/Redux) and API integration.
Basic testing (Jest/RTL/Playwright) and Git/GitHub workflows.
Familiarity with OIDC/OAuth flows from the frontend (session handling, token refresh).
Accessibility awareness (focus states, semantics, keyboard paths, color contrast).

Nice-to-haves
PWA (Workbox), web push, performance profiling (Lighthouse/React Profiler).
Storybook and design-system contributions.
Exposure to React Native (helps collaboration with mobile).
Error/perf monitoring (Sentry) and analytics (Mixpanel/Amplitude).

Experience required 3 > Current Experience 1. Skipping this job!
",Skipped,Not Available
4332124954,https://www.linkedin.com/jobs/view/4332124954,Pending,2025-11-02 08:58:26.333346,2025-11-02 23:58:34.801165,Problem in Easy Applying,"Message: 
Stacktrace:
	GetHandleVerifier [0x0x7ff6a4a7e8e5+80021]
	GetHandleVerifier [0x0x7ff6a4a7e940+80112]
	(No symbol) [0x0x7ff6a480060f]
	(No symbol) [0x0x7ff6a4858854]
	(No symbol) [0x0x7ff6a4858b1c]
	(No symbol) [0x0x7ff6a48ac927]
	(No symbol) [0x0x7ff6a488126f]
	(No symbol) [0x0x7ff6a48a968a]
	(No symbol) [0x0x7ff6a4881003]
	(No symbol) [0x0x7ff6a48495d1]
	(No symbol) [0x0x7ff6a484a3f3]
	GetHandleVerifier [0x0x7ff6a4d3dc7d+2960429]
	GetHandleVerifier [0x0x7ff6a4d37f3a+2936554]
	GetHandleVerifier [0x0x7ff6a4d58977+3070247]
	GetHandleVerifier [0x0x7ff6a4a983ce+185214]
	GetHandleVerifier [0x0x7ff6a4a9fe1f+216527]
	GetHandleVerifier [0x0x7ff6a4a87b24+117460]
	GetHandleVerifier [0x0x7ff6a4a87cdf+117903]
	GetHandleVerifier [0x0x7ff6a4a6dbb8+11112]
	BaseThreadInitThunk [0x0x7fff435fe8d7+23]
	RtlUserThreadStart [0x0x7fff4414c53c+44]
",Easy Applied,Not Available
4303208142,https://www.linkedin.com/jobs/view/4303208142,Pending,2025-11-02 15:58:41.940276,2025-11-02 23:58:46.929400,Problem in Easy Applying,"Message: invalid session id: session deleted as the browser has closed the connection
from disconnected: not connected to DevTools
  (Session info: chrome=141.0.7390.123)
Stacktrace:
	GetHandleVerifier [0x0x7ff6a4a7e8e5+80021]
	GetHandleVerifier [0x0x7ff6a4a7e940+80112]
	(No symbol) [0x0x7ff6a480060f]
	(No symbol) [0x0x7ff6a47ec145]
	(No symbol) [0x0x7ff6a481177a]
	(No symbol) [0x0x7ff6a4888b06]
	(No symbol) [0x0x7ff6a48a8fa2]
	(No symbol) [0x0x7ff6a4881003]
	(No symbol) [0x0x7ff6a48495d1]
	(No symbol) [0x0x7ff6a484a3f3]
	GetHandleVerifier [0x0x7ff6a4d3dc7d+2960429]
	GetHandleVerifier [0x0x7ff6a4d37f3a+2936554]
	GetHandleVerifier [0x0x7ff6a4d58977+3070247]
	GetHandleVerifier [0x0x7ff6a4a983ce+185214]
	GetHandleVerifier [0x0x7ff6a4a9fe1f+216527]
	GetHandleVerifier [0x0x7ff6a4a87b24+117460]
	GetHandleVerifier [0x0x7ff6a4a87cdf+117903]
	GetHandleVerifier [0x0x7ff6a4a6dbb8+11112]
	BaseThreadInitThunk [0x0x7fff435fe8d7+23]
	RtlUserThreadStart [0x0x7fff4414c53c+44]
",Easy Applied,Not Available
4320248143,https://www.linkedin.com/jobs/view/4320248143,Pending,2025-11-03 00:39:22.719219,2025-11-03 00:54:22.787031,Required experience is high,"
About the job
Role: Frontend Engineer
Experience: 1–2 years
Location: Chennai
Employment Type: Full-time
Tech Stack: React.js, JavaScript (ES6+), Node.js, REST APIs, Git

About the Role
We are looking for a motivated Frontend Engineer with at least one year of hands-on experience in building responsive, modern web applications using React.js and JavaScript. You will work closely with backend developers, designers, and product teams to build and optimize scalable UI components and ensure seamless integration with Node.js APIs.

Key Responsibilities
Develop high-quality, responsive UI components and pages using React.js.
Collaborate with the backend team to integrate RESTful APIs (Node.js/Express).
Write clean, modular, and maintainable JavaScript (ES6+) code.
Use React Hooks, Context API, or Redux for efficient state management.
Implement pixel-perfect designs based on Figma or other UI mockups.
Optimize performance, accessibility, and SEO across browsers and devices.
Debug, test, and deploy features using Git-based version control workflows.
Work in an Agile environment, contributing to sprint planning and code reviews.

Education Qualification
Bachelor’s degree in Computer Science, Engineering, or related field (preferred).
Equivalent practical experience is also considered.

Required Skills
1+ year of experience in React.js and frontend development.
Strong understanding of JavaScript (ES6+), HTML5, and CSS3.
Experience with React Router, Axios/fetch, and API integration.
Familiarity with Node.js (for integration or light backend tasks).
Version control with Git / GitHub.
Good understanding of responsive design and cross-browser compatibility.
Problem-solving ability and attention to detail.

Nice to Have
Experience with Tailwind CSS, Vite, or Next.js.
Familiarity with TypeScript, React Query, or Zustand/Redux Toolkit.
Understanding of unit testing (Jest, React Testing Library).
Basic knowledge of CI/CD pipelines or Docker.
Awareness of performance optimization and Core Web Vitals.

Why You’ll Love It Here
Opportunity to work on production-grade applications.
Exposure to the complete development lifecycle (UI → API → deployment).
Mentorship from experienced engineers and regular code reviews.
Flexible working hours and supportive culture.

Apply only if you are in Chennai to attend the Interview.

Experience required 2 > Current Experience 1. Skipping this job!
",Skipped,Not Available
4320258154,https://www.linkedin.com/jobs/view/4320258154,Pending,2025-11-03 00:30:27.447140,2025-11-03 00:54:27.522559,Found a Bad Word in About Job,"
About the job
Location: Remote 
Duration: 4–6 months


About the Role:
Join a lean startup building a real-time AI customer care agent for e-commerce. You’ll work directly with the founder to implement voice + chat AI, enabling retailers to automate customer support.

Responsibilities:

Integrate OpenAI GPT-4o for conversational AI.
Implement real-time voice support using STT (Whisper / Google Speech) and TTS (ElevenLabs / OpenAI Realtime).
Build conversation flows for order tracking, refunds, and product queries.
Implement fallback to human agent workflows.
Optimize AI response latency (<2 seconds) and accuracy.
Assist in pilot testing and debugging AI responses.


Skills Required:

Python & APIs (REST/HTTP, WebSockets).
Experience with LLMs (GPT/OpenAI) or similar NLP models.
Knowledge of Speech-to-Text & Text-to-Speech integration.
Familiarity with chatbot frameworks (Rasa, Botpress, LangChain) is a plus.
Strong problem-solving and debugging skills.

Contains bad word ""Customer Support"". Skipping this job!
",Skipped,Not Available
4332606823,https://www.linkedin.com/jobs/view/4332606823,Pending,2025-11-02 21:56:27.572656,2025-11-03 00:56:27.665862,Required experience is high,"
About the job
🎮 Job Opening: Unity Game Developer – “Jesus and Me” (Android & iOS)

Jesus and Me – My First Bible Adventure | Giramille Games
(Unity | Open Source MIT | Android & iOS)

About Giramille
Giramille is a global children’s entertainment studio, a producer, record label, publisher, and distributor of original family-safe content.

We are driven by Christian values, education, and imagination, creating universes that combine technical excellence, purpose, and family-oriented storytelling.

Now, we are launching our new faith-based gaming initiative:

Jesus and Me – My First Bible Adventure, an educational game for children, available for free on the Play Store and App Store, with the full premium version available inside the Giramille App.

🎯 Project Goal
To create an interactive Christian educational game that teaches children the stories and teachings of Jesus through joyful gameplay, stunning visuals, and biblically faithful storytelling, at the same creative quality level as Disney, Pixar, and Universal Kids.

The game will be free to play (no ads, fully family-safe) and premium inside the Giramille App, built for children aged 4 to 8 (playable range: 2–10 years).

🧩 Concept & Narrative
Working title: “Jesus and Me – My First Bible Adventure”

Players will follow Giramille, a curious and joyful character, through different “Workshops of the Word”, exploring the Bible, meeting beloved figures like Jesus, Mary, Joseph, Noah, Moses, John the Baptist, and the Apostles, and learning eternal values such as faith, love, obedience, forgiveness, and hope.

The visual and narrative tone follows the magical Giramille style, expressive characters, original soundtrack, cinematic storytelling, and bilingual voiceovers (Portuguese and English).

📖 Biblical Stories & Key Teachings
The full (premium) version of the game will feature 15 interactive stories, balancing Old and New Testament narratives:

 1. The Creation of the World – God as Creator and the beauty of life.
 2. Noah’s Ark – obedience, trust, and God’s promise.
 3. Joseph in Egypt – forgiveness and purpose through trials.
 4. Moses and the Red Sea – faith and deliverance.
 5. The Ten Commandments – loving God and others.
 6. The Ark of the Covenant – holiness and God’s presence.
 7. The Birth of Jesus (Christmas) – God’s love sent to the world.
 8. The Family of Jesus – Mary, Joseph, and the value of unity.
 9. The Baptism of Jesus – humility and the start of His ministry.
 10. The Miracles of Jesus – compassion, faith, and divine power (healing the blind, calming the storm, multiplying bread and fish).
 11. The Parables of Jesus – practical wisdom (Good Samaritan, Prodigal Son, Lost Sheep).
 12. The Last Supper & Easter – the meaning of sacrifice and salvation.
 13. The Crucifixion & Resurrection – victory over death.
 14. Pentecost – the Holy Spirit and the mission of the Church.
 15. The Great Commission – spreading love, forgiveness, and faith.

Each story will be fully interactive, narrated, and accompanied by original music, minigames, and family reflection moments.

All game art, texts, and assets (buttons, UI, illustrations, and voiceovers) will be provided by Giramille’s internal design team.

⚙️ Technical Framewor
k • Engine: Unity 2022/2023 LT
S • Base: Open Source Framework (MIT License) – e.g., AnyRPGCore or equivalen
t • Platforms: Android, iOS, and Giramille App (SDK integration
) • Modules
: • Level Manager (15 story-based levels
) • Dialogue System (voice + text + subtitles
) • Interactive Bible quizze
s • Light puzzle and collectible mechanic
s • Child-friendly UI/UX (audio narration, contrast colors, sign language animations
) • Storage: Offline-first (no login required
) • Compliance: COPPA, GDPR-K, LGPD 14, family-safe certifie
d

⏱️ Production Timeline – Accelerated 2-Week Mod
elDay 1–2 | Setup & Preparati
on • Install and configure Unity 2023 LT
S. • Select and integrate the MIT open-source templat
e. • Build core structure: main menu, level map, and child U
I. • Define artistic direction (UI, icons, color palette, typography, sound identity
)
.
Day 3–4 | Characters & Narrative Set
up • Create/adapt main character “Little Follower” and key NPCs (Jesus, Mary, Joseph, Noah, Moses, etc.
). • Design backgrounds and 2D environments for all 15 storie
s. • Record main narrations (Portuguese + English
). • Implement cutscenes and dialogue syste
m
.
Day 5–7 | Game Implementati
on • Program and test all 15 Bible storie
s. • Add mechanics: collectibles, quizzes, and light puzzle
s. • Integrate verses, reflection prompts, and “Verse of the Week
.” • Configure Giramille collectible rewards (stickers, medals
)
.
Day 8–9 | Localization & Audio Poli
sh • Finalize bilingual subtitles and menu
s. • Insert original Giramille soundtrack and SF
X. • Optimize for mobile: compression, performance, offline mod
e
.
Day 10–12 | QA & Integrati
on • Conduct usability tests on tablets and phone
s. • Final UX adjustments and accessibility (audio, sign language, captions
). • Integrate final build into the Giramille App (SDK
)
.
Day 13–14 | Launch Preparation & Publishi
ng • Generate final builds for Google Play and App Stor
e. • Submit for store approva
l. • Publish simultaneously inside the Giramille Ap
p. • Begin global launch campaign (social media, YouTube Kids, email base, and partners
)
.
Total Duration: 14 da
ysOutcome: a fully functional, bilingual, family-safe Christian educational game with 15 complete Bible stories, ready for global distribution across Android, iOS, and the Giramille ecosyste
m
.
💼 Candidate Profi
leWe’re seeking a Game Designer & Developer (Unity) who is passionate about creating meaningful, faith-driven experiences for children and familie
s
.
Technical Requirement
s: • Strong experience in Unity 2D/3D (C#
). • Familiarity with MIT open-source template
s. • Experience with child-friendly UI/UX, audio integration, and mobile publishin
g. • Knowledge of Firebase, Android/iOS build pipelines, and store submission standard
s. • Preferred: previous experience in educational or Christian-themed game
s
.
Personal Attribute
s: • Creative, ethical, and detail-oriente
d. • Values family, faith, and purpos
e. • Capable of turning sacred stories into joyful, engaging experience
s
.
🌍 Culture & Missi
onAt Giramille, we believe educating is planting eternit
y.We work with joy, excellence, and purpose, blending technology, faith, and art to inspire families worldwid
e
.
We offer a remote, creative, and global environment, with operations in Brazil and the United Kingdo
m.You’ll join a project that unites spiritual impact, innovation, and storytelling magi
c
.
📩 How to App
lyIf your profile aligns with the creative and technical requirements above, our team will carefully review your LinkedIn profile and portfoli
o
.
Selected professionals will be contacted directly by the Giramille team to continue the evaluation process and discuss project detail
s
.
💰 Project Ter
msTotal Value: US$ 200.00 (two hundred U.S. dollar
s)Contract Model: PJ – Work for Hire Agreement (Independent Service Contrac
t)License: Open Source – MIT License (free commercial and redistribution right
s)Payment Terms: 100% upon final delivery and approval, includin
g: • Fully functional builds (Android & iOS
). • Delivery of all source code, libraries, and asset
s.

Experience required 10 > Current Experience 1. Skipping this job!
",Skipped,Not Available
4320038575,https://www.linkedin.com/jobs/view/4320038575,Pending,2025-11-02 19:56:33.095510,2025-11-03 00:56:33.128168,Found a Bad Word in About Job,"
About the job
Role Description
We're looking for a full-time developer (preferably in Delhi NCR) who enjoys solving puzzles - the kind that involves untangling legacy code and rebuilding it into something faster, cleaner, and future-ready. Your mission is to migrate our existing applications from an older framework into React, without losing business logic (or your patience).

Qualifications
• 1+ years of experience working with React is required.
• Experience of working with PHP and SQL is preferred.
• Strong debugging, problem-solving, and optimization skills,
• Ability to work collaboratively in a fast-paced environment.

Contains bad word ""PHP"". Skipping this job!
",Skipped,Not Available
4333761987,https://www.linkedin.com/jobs/view/4333761987,Pending,2025-11-03 01:52:20.152846,2025-11-03 02:08:26.987432,Problem in Easy Applying,cannot access local variable 'modal' where it is not associated with a value,Easy Applied,Not Available
4320108458,https://www.linkedin.com/jobs/view/4320108458,Pending,2025-11-03 01:20:38.072906,2025-11-03 02:08:38.113908,Required experience is high,"
About the job
Founder’s Office – Analyst / Associate

We’re hiring a Founder’s Office Analyst/Associate a high-ownership role working directly with the Founders on strategy, execution, and growth initiatives.
This isn’t a typical corporate role, it’s for someone who thrives on learning, problem-solving, and creating real impact from Day 1.

What You’ll Do:
* Work with founders on strategic and cross-functional projects across product, business, and operations.
* Conduct market and competitor research, prepare insights, and build actionable reports.
* Track company OKRs, internal deliverables, and team performance metrics.
* Prepare presentations, reports, and dashboards for leadership and investors.
* Collaborate across teams to ensure smooth execution of strategic priorities.

Who You Are:
* A self-starter with strong analytical and communication skills.
* Passionate about startups, SaaS, and business strategy.
* Organized, curious, and comfortable working in dynamic environments.
* Fresh graduates, MBAs, or professionals with 0–2 years of experience are welcome.
* Bonus: Background in engineering, business, or analytics.

Why Join Us:
* Work directly with founders and leadership on core strategy and execution.
* Get multi-domain exposure – product, tech, operations, and business.
* Be part of a fast-growing SaaS company with global ambitions.
* A culture that values ownership, innovation, and growth.

Interested?
Send your resume to careers@ionob.com or DM me to apply.

Let’s build the future of workforce innovation together!.

#Hiring #FoundersOffice #Strategy #BusinessOperations #SaaS #StartupJobs #CalicutTech #ioNobInnovations #Leadership #JoinOurTeam

Experience required 2 > Current Experience 1. Skipping this job!
",Skipped,Not Available
4320324983,https://www.linkedin.com/jobs/view/4320324983,Pending,Unknown,2025-11-03 02:08:40.614878,Found Blacklisted words in About Company,Failed to find an element with given classes,Skipped,Not Available
4333761987,https://www.linkedin.com/jobs/view/4333761987,Previous resume,2025-11-03 01:52:40.890042,2025-11-03 02:21:47.637610,Problem in Easy Applying,cannot access local variable 'answer' where it is not associated with a value,Easy Applied,Not Available
4320324983,https://www.linkedin.com/jobs/view/4320324983,Pending,2025-11-03 01:21:52.948015,2025-11-03 02:21:52.979800,Found a Bad Word in About Job,"
About the job
Company Description
 Shopify is a leading global commerce company that provides tools to start, grow, market, and manage retail businesses of all sizes. Trusted for its reliability, Shopify’s platform and services improve the shopping experience for millions of consumers worldwide. The company empowers businesses in over 175 countries and is trusted by leading brands like Allbirds, Gymshark, PepsiCo, and Staples. Shopify is focused on making commerce accessible and better for everyone.
 Role Description
 This contract role is for a Shopify Developer Intern and is fully remote. The Shopify Developer Intern will assist in building, testing, and maintaining e-commerce websites, working closely with cross-functional teams. Day-to-day tasks include implementing new features, debugging code, customizing Shopify themes, and ensuring functionality on Shopify's platform. The intern may also participate in technical discussions and collaborate on optimizing website performance.
 Qualifications
  Proficiency in Shopify development, including customization of themes and usage of Shopify APIs
Knowledge of web development languages such as HTML, CSS, and JavaScript
Understanding of e-commerce best practices and Shopify platform features
Problem-solving and debugging skills, with attention to detail
Strong collaboration and communication abilities, especially in remote settings
Familiarity with version control tools like Git is a plus
Currently pursuing or recently completed a degree in Computer Science, Web Development, or related field

Contains bad word ""Shopify"". Skipping this job!
",Skipped,Not Available
4320248143,https://www.linkedin.com/jobs/view/4320248143,Pending,2025-11-03 01:21:57.656527,2025-11-03 02:21:57.705886,Required experience is high,"
About the job
Role: Frontend Engineer
Experience: 1–2 years
Location: Chennai
Employment Type: Full-time
Tech Stack: React.js, JavaScript (ES6+), Node.js, REST APIs, Git

About the Role
We are looking for a motivated Frontend Engineer with at least one year of hands-on experience in building responsive, modern web applications using React.js and JavaScript. You will work closely with backend developers, designers, and product teams to build and optimize scalable UI components and ensure seamless integration with Node.js APIs.

Key Responsibilities
Develop high-quality, responsive UI components and pages using React.js.
Collaborate with the backend team to integrate RESTful APIs (Node.js/Express).
Write clean, modular, and maintainable JavaScript (ES6+) code.
Use React Hooks, Context API, or Redux for efficient state management.
Implement pixel-perfect designs based on Figma or other UI mockups.
Optimize performance, accessibility, and SEO across browsers and devices.
Debug, test, and deploy features using Git-based version control workflows.
Work in an Agile environment, contributing to sprint planning and code reviews.

Education Qualification
Bachelor’s degree in Computer Science, Engineering, or related field (preferred).
Equivalent practical experience is also considered.

Required Skills
1+ year of experience in React.js and frontend development.
Strong understanding of JavaScript (ES6+), HTML5, and CSS3.
Experience with React Router, Axios/fetch, and API integration.
Familiarity with Node.js (for integration or light backend tasks).
Version control with Git / GitHub.
Good understanding of responsive design and cross-browser compatibility.
Problem-solving ability and attention to detail.

Nice to Have
Experience with Tailwind CSS, Vite, or Next.js.
Familiarity with TypeScript, React Query, or Zustand/Redux Toolkit.
Understanding of unit testing (Jest, React Testing Library).
Basic knowledge of CI/CD pipelines or Docker.
Awareness of performance optimization and Core Web Vitals.

Why You’ll Love It Here
Opportunity to work on production-grade applications.
Exposure to the complete development lifecycle (UI → API → deployment).
Mentorship from experienced engineers and regular code reviews.
Flexible working hours and supportive culture.

Apply only if you are in Chennai to attend the Interview.

Experience required 2 > Current Experience 1. Skipping this job!
",Skipped,Not Available
4320038575,https://www.linkedin.com/jobs/view/4320038575,Pending,2025-11-02 19:22:03.022378,2025-11-03 02:22:03.054281,Found a Bad Word in About Job,"
About the job
Role Description
We're looking for a full-time developer (preferably in Delhi NCR) who enjoys solving puzzles - the kind that involves untangling legacy code and rebuilding it into something faster, cleaner, and future-ready. Your mission is to migrate our existing applications from an older framework into React, without losing business logic (or your patience).

Qualifications
• 1+ years of experience working with React is required.
• Experience of working with PHP and SQL is preferred.
• Strong debugging, problem-solving, and optimization skills,
• Ability to work collaboratively in a fast-paced environment.

Contains bad word ""PHP"". Skipping this job!
",Skipped,Not Available
4055142793,https://www.linkedin.com/jobs/view/4055142793,Pending,2025-11-02 18:22:07.704705,2025-11-03 02:22:07.746626,Found a Bad Word in About Job,"
About the job
About InvoiceCloud

InvoiceCloud is a fast-growing fintech company with an award-winning culture and a leading disruptor in the electronic bill presentment and payment (EBPP) space. Serving more than 3,200 customers across the utility, government, and insurance industries, InvoiceCloud’s secure and innovative SaaS platform enhances the customer experience, driving higher digital payment, AutoPay, and paperless adoption rates. By switching to InvoiceCloud, clients can improve customer engagement and satisfaction while lowering costs, accelerating payments, and reducing staff workloads. To learn more, visit InvoiceCloud.com.

Position Overview

The Platform Reliability Engineer will provide the team’s ongoing architectural evolution, development, and maintenance of the core platform focusing on payer & biller facing product solutions. This is an ideal opportunity for someone who is passionate about building delightful customer experience products in a highly scalable, reliable, and secure manner, leveraging agile principles and values, test driven development and continuous integration and deployment. We are looking for a strong business and technical problem solver, with a deep understanding of Platform Engineering principles, cloud-native technologies, and scalable enterprise architecture.

What You’ll Do

Collaboration: Work closely with development, QA, and product teams to ensure seamless integration and operation of new features and technologies.
Assist with operations activities to provision, maintain, and support existing platform.
Performance Analysis: Help analyze and optimize platform performance, identifying and implementing improvements to enhance speed, efficiency, and reliability.
Assist Incident post-mortems to drive continuous improvement into platform and software systems and processes.
Learning and Development: Continuously improve technical skills and knowledge through training, mentorship, and hands-on experience.
Contribute PCI, PADSS, SOC Type2, SOX audit initiatives
Execute against organizational KPIs.
Automation Assistance: Help develop and maintain automation scripts and tools to improve platform operations and reduce manual intervention.
Identify and recommend opportunities for continuously improving software engineering practices and productivity of teams for reliability and resiliency.
Assist in completing department wide quarterly and annual goals and initiatives.
Assist in surfacing forward-thinking cutting-edge tools and services that will improve efficiency and productivity within agile team development

Who We Seek

2+ years of Software Engineering experience in enterprise SaaS software development or operations, preferably within financial services or FinTech (banking, lending, payments)
Deep knowledge of Cloud services (PaaS/IaaS) – specifically Azure and ability expand into other clouds offerings.
Ability to manage and continuously optimize cloud utilization
Ability to build and follow devops practices – Specifically IaC and Security.
Ability to implement system observability (apps/infrastructure)
Experience in one or more of (Kubernetes, Teraform, Kong/NGIX, Redis, AzureDB)
Programming experience in IaC automation tools and languages – (Terraform, Ansible, powershell preferred).
Strong understanding of SRE concepts and culture, with a focus on leveraging software engineering tools, methodologies, and concepts
In-depth understanding of automation and CI/CD processes
Ability to engage and influence product leaders, lead systems architects, and engineering managers who are either associated with the function or affected by its outcome.
Technical experience in observability and traceability patterns and working with distributed architectures.
Strong communication skills and ability to articulate complex material to a diverse audience.
Experience working in highly regulated, security-focused environments (familiar with setting up controls and processes around HIPAA, PCI, SOC 2 or similar frameworks)

InvoiceCloud is an Equal Opportunity Employer. 

InvoiceCloud provides equal employment opportunities to all employees and applicants for employment and prohibits discrimination and harassment of any type without regard to race, color, religion, age, sex, national origin, disability status, genetics, protected veteran status, sexual orientation, gender identity or expression, or any other characteristic protected by federal, state or local laws. 

This policy applies to all terms and conditions of employment, including recruiting, hiring, placement, promotion, termination, layoff, recall, transfer, leaves of absence, compensation, and training. 

If you have a disability under the Americans with Disabilities Act or similar law, or you require a religious accommodation, and you wish to discuss potential accommodations related to applying for employment at our company, please contact jobs@invoicecloud.com.

Click here to review InvoiceCloud's Job Applicant Privacy Policy.

To all recruitment agencies: InvoiceCloud does not accept agency resumes. Please do not forward resumes to our job’s alias, employees, or any other organization location. Invoice Cloud is not responsible for any fees related to unsolicited resumes. 

Contains bad word ""Perl"". Skipping this job!
",Skipped,Not Available
4332189377,https://www.linkedin.com/jobs/view/4332189377,Pending,2025-11-02 16:22:13.401139,2025-11-03 02:22:13.434909,Required experience is high,"
About the job
Location - Bengaluru, KA
Work Mode - Work from Office
Work Hours - General India Shift
Description - 
Complete all Production Readiness related tasks (Integration Testing, Metrics and Alarms setup, Runbook updates, AWS CDK setup) for an AWS application,
Working collaboratively with cross functional teams (Ex: Technical requirement gathering, code review). 
Required - 
1. 2+ years In development 
2. Proficiency in Core Java, DSA, OOPS, AWS
3. Bachelor degree in computer science or related Stream

Experience required 2 > Current Experience 1. Skipping this job!
",Skipped,Not Available
4303219003,https://www.linkedin.com/jobs/view/4303219003,Previous resume,2025-11-02 16:22:16.041752,2025-11-03 02:22:27.406450,Problem in Easy Applying,"Message: invalid session id: session deleted as the browser has closed the connection
from disconnected: not connected to DevTools
  (Session info: chrome=141.0.7390.123)
Stacktrace:
	GetHandleVerifier [0x0x7ff6a4a7e8e5+80021]
	GetHandleVerifier [0x0x7ff6a4a7e940+80112]
	(No symbol) [0x0x7ff6a480060f]
	(No symbol) [0x0x7ff6a47ec145]
	(No symbol) [0x0x7ff6a481177a]
	(No symbol) [0x0x7ff6a4888b06]
	(No symbol) [0x0x7ff6a48a8fa2]
	(No symbol) [0x0x7ff6a4881003]
	(No symbol) [0x0x7ff6a48495d1]
	(No symbol) [0x0x7ff6a484a3f3]
	GetHandleVerifier [0x0x7ff6a4d3dc7d+2960429]
	GetHandleVerifier [0x0x7ff6a4d37f3a+2936554]
	GetHandleVerifier [0x0x7ff6a4d58977+3070247]
	GetHandleVerifier [0x0x7ff6a4a983ce+185214]
	GetHandleVerifier [0x0x7ff6a4a9fe1f+216527]
	GetHandleVerifier [0x0x7ff6a4a87b24+117460]
	GetHandleVerifier [0x0x7ff6a4a87cdf+117903]
	GetHandleVerifier [0x0x7ff6a4a6dbb8+11112]
	BaseThreadInitThunk [0x0x7fff435fe8d7+23]
	RtlUserThreadStart [0x0x7fff4414c53c+44]
",Easy Applied,Not Available
4320207299,https://www.linkedin.com/jobs/view/4320207299,Pending,2025-11-02 15:27:18.594040,2025-11-03 02:27:18.645462,Found a Bad Word in About Job,"
About the job
Company Description

At Riverwood, we create more than homes; we craft meaningful experiences and spaces that blend design and affordability. With a focus on thoughtful design and quality, our projects reflect a commitment to building enduring communities that inspire growth and nurture lives. Each Riverwood project is a promise of trust, opportunity, and lasting elegance. Investing with Riverwood means investing in a life of purpose and lasting value.

Internship Description

We are building an AI voice agent that can call our homebuyers every morning, speak in a natural human voice (Hindi + English), hold short friendly conversations like “Namaste, chai pee li?”, and then share that day’s construction update — all while remembering each customer’s preferences and improving every day.
You’ll work directly with the founders to prototype and launch this system — India’s first real-estate Voice AI CRM.

Responsibilities
Build a conversational AI caller using tools such as OpenAI Realtime API, ElevenLabs, Vocode, or Twilio Voice API.
Connect it with basic customer data (Google Sheet / CRM).
Enable real-time speech recognition and response in Hindi + English.
Add short-term memory so the agent remembers past chats.
Continuously test and refine tone, latency, and realism.
 Desired Skills
Python / JavaScript basics
Experience (or curiosity) with APIs such as OpenAI, ElevenLabs, Twilio, LangChain, or Vocode
Interest in conversational AI, speech tech, or automation
Strong problem-solving and self-learning mindset
(Hands-on builders preferred over theoretical AI learners.)
Eligibility
Open to students / recent grads in any technical or design stream. Portfolio > Degree.

Location
Flexible – Remote 
Stipend
₹15,000 – ₹25,000 per month + Performance bonus
Duration
2 – 3 months (extension / full-time offer possible)

Contains bad word ""Construction"". Skipping this job!
",Skipped,Not Available
4320318208,https://www.linkedin.com/jobs/view/4320318208,Previous resume,2025-11-03 01:27:23.961460,2025-11-03 02:27:32.371865,Problem in Easy Applying,cannot access local variable 'answer' where it is not associated with a value,Easy Applied,Not Available
4332688087,https://www.linkedin.com/jobs/view/4332688087,Previous resume,2025-11-03 02:20:39.350615,2025-11-03 02:27:45.570471,Problem in Easy Applying,cannot access local variable 'answer' where it is not associated with a value,Easy Applied,Not Available
4332673700,https://www.linkedin.com/jobs/view/4332673700,Previous resume,2025-11-03 02:06:52.365799,2025-11-03 02:27:56.685333,Problem in Easy Applying,cannot access local variable 'answer' where it is not associated with a value,Easy Applied,Not Available
4333761987,https://www.linkedin.com/jobs/view/4333761987,Pending,2025-11-03 01:53:02.518986,2025-11-03 02:28:11.744816,Problem in Easy Applying,"Message: 
Stacktrace:
	GetHandleVerifier [0x0x7ff6a4a7e8e5+80021]
	GetHandleVerifier [0x0x7ff6a4a7e940+80112]
	(No symbol) [0x0x7ff6a480060f]
	(No symbol) [0x0x7ff6a4858854]
	(No symbol) [0x0x7ff6a4858b1c]
	(No symbol) [0x0x7ff6a48ac927]
	(No symbol) [0x0x7ff6a488126f]
	(No symbol) [0x0x7ff6a48a968a]
	(No symbol) [0x0x7ff6a4881003]
	(No symbol) [0x0x7ff6a48495d1]
	(No symbol) [0x0x7ff6a484a3f3]
	GetHandleVerifier [0x0x7ff6a4d3dc7d+2960429]
	GetHandleVerifier [0x0x7ff6a4d37f3a+2936554]
	GetHandleVerifier [0x0x7ff6a4d58977+3070247]
	GetHandleVerifier [0x0x7ff6a4a983ce+185214]
	GetHandleVerifier [0x0x7ff6a4a9fe1f+216527]
	GetHandleVerifier [0x0x7ff6a4a87b24+117460]
	GetHandleVerifier [0x0x7ff6a4a87cdf+117903]
	GetHandleVerifier [0x0x7ff6a4a6dbb8+11112]
	BaseThreadInitThunk [0x0x7fff435fe8d7+23]
	RtlUserThreadStart [0x0x7fff4414c53c+44]
",Easy Applied,Not Available
4333499094,https://www.linkedin.com/jobs/view/4333499094,Previous resume,2025-11-02 12:28:16.650455,2025-11-03 02:28:21.038462,Problem in Easy Applying,cannot access local variable 'answer' where it is not associated with a value,Easy Applied,Not Available
4320108458,https://www.linkedin.com/jobs/view/4320108458,Pending,2025-11-03 01:28:24.309496,2025-11-03 02:28:24.351767,Required experience is high,"
About the job
Founder’s Office – Analyst / Associate

We’re hiring a Founder’s Office Analyst/Associate a high-ownership role working directly with the Founders on strategy, execution, and growth initiatives.
This isn’t a typical corporate role, it’s for someone who thrives on learning, problem-solving, and creating real impact from Day 1.

What You’ll Do:
* Work with founders on strategic and cross-functional projects across product, business, and operations.
* Conduct market and competitor research, prepare insights, and build actionable reports.
* Track company OKRs, internal deliverables, and team performance metrics.
* Prepare presentations, reports, and dashboards for leadership and investors.
* Collaborate across teams to ensure smooth execution of strategic priorities.

Who You Are:
* A self-starter with strong analytical and communication skills.
* Passionate about startups, SaaS, and business strategy.
* Organized, curious, and comfortable working in dynamic environments.
* Fresh graduates, MBAs, or professionals with 0–2 years of experience are welcome.
* Bonus: Background in engineering, business, or analytics.

Why Join Us:
* Work directly with founders and leadership on core strategy and execution.
* Get multi-domain exposure – product, tech, operations, and business.
* Be part of a fast-growing SaaS company with global ambitions.
* A culture that values ownership, innovation, and growth.

Interested?
Send your resume to careers@ionob.com or DM me to apply.

Let’s build the future of workforce innovation together!.

#Hiring #FoundersOffice #Strategy #BusinessOperations #SaaS #StartupJobs #CalicutTech #ioNobInnovations #Leadership #JoinOurTeam

Experience required 2 > Current Experience 1. Skipping this job!
",Skipped,Not Available
4320318208,https://www.linkedin.com/jobs/view/4320318208,Previous resume,2025-11-03 01:36:00.858470,2025-11-03 02:36:05.238937,Problem in Easy Applying,cannot access local variable 'answer' where it is not associated with a value,Easy Applied,Not Available
4332673700,https://www.linkedin.com/jobs/view/4332673700,Previous resume,2025-11-03 02:06:13.759734,2025-11-03 02:36:17.781679,Problem in Easy Applying,cannot access local variable 'answer' where it is not associated with a value,Easy Applied,Not Available
4333761987,https://www.linkedin.com/jobs/view/4333761987,Pending,2025-11-03 01:52:22.794773,2025-11-03 02:36:31.661548,Problem in Easy Applying,"Message: 
Stacktrace:
	GetHandleVerifier [0x0x7ff6a4a7e8e5+80021]
	GetHandleVerifier [0x0x7ff6a4a7e940+80112]
	(No symbol) [0x0x7ff6a480060f]
	(No symbol) [0x0x7ff6a4858854]
	(No symbol) [0x0x7ff6a4858b1c]
	(No symbol) [0x0x7ff6a48ac927]
	(No symbol) [0x0x7ff6a488126f]
	(No symbol) [0x0x7ff6a48a968a]
	(No symbol) [0x0x7ff6a4881003]
	(No symbol) [0x0x7ff6a48495d1]
	(No symbol) [0x0x7ff6a484a3f3]
	GetHandleVerifier [0x0x7ff6a4d3dc7d+2960429]
	GetHandleVerifier [0x0x7ff6a4d37f3a+2936554]
	GetHandleVerifier [0x0x7ff6a4d58977+3070247]
	GetHandleVerifier [0x0x7ff6a4a983ce+185214]
	GetHandleVerifier [0x0x7ff6a4a9fe1f+216527]
	GetHandleVerifier [0x0x7ff6a4a87b24+117460]
	GetHandleVerifier [0x0x7ff6a4a87cdf+117903]
	GetHandleVerifier [0x0x7ff6a4a6dbb8+11112]
	BaseThreadInitThunk [0x0x7fff435fe8d7+23]
	RtlUserThreadStart [0x0x7fff4414c53c+44]
",Easy Applied,Not Available
4333499094,https://www.linkedin.com/jobs/view/4333499094,Previous resume,2025-11-02 12:36:38.456227,2025-11-03 02:36:42.603681,Problem in Easy Applying,cannot access local variable 'answer' where it is not associated with a value,Easy Applied,Not Available
4320108458,https://www.linkedin.com/jobs/view/4320108458,Pending,2025-11-03 01:36:45.741411,2025-11-03 02:36:45.786653,Required experience is high,"
About the job
Founder’s Office – Analyst / Associate

We’re hiring a Founder’s Office Analyst/Associate a high-ownership role working directly with the Founders on strategy, execution, and growth initiatives.
This isn’t a typical corporate role, it’s for someone who thrives on learning, problem-solving, and creating real impact from Day 1.

What You’ll Do:
* Work with founders on strategic and cross-functional projects across product, business, and operations.
* Conduct market and competitor research, prepare insights, and build actionable reports.
* Track company OKRs, internal deliverables, and team performance metrics.
* Prepare presentations, reports, and dashboards for leadership and investors.
* Collaborate across teams to ensure smooth execution of strategic priorities.

Who You Are:
* A self-starter with strong analytical and communication skills.
* Passionate about startups, SaaS, and business strategy.
* Organized, curious, and comfortable working in dynamic environments.
* Fresh graduates, MBAs, or professionals with 0–2 years of experience are welcome.
* Bonus: Background in engineering, business, or analytics.

Why Join Us:
* Work directly with founders and leadership on core strategy and execution.
* Get multi-domain exposure – product, tech, operations, and business.
* Be part of a fast-growing SaaS company with global ambitions.
* A culture that values ownership, innovation, and growth.

Interested?
Send your resume to careers@ionob.com or DM me to apply.

Let’s build the future of workforce innovation together!.

#Hiring #FoundersOffice #Strategy #BusinessOperations #SaaS #StartupJobs #CalicutTech #ioNobInnovations #Leadership #JoinOurTeam

Experience required 2 > Current Experience 1. Skipping this job!
",Skipped,Not Available
4320255854,https://www.linkedin.com/jobs/view/4320255854,Previous resume,2025-11-02 04:36:51.339221,2025-11-03 02:36:56.306258,Problem in Easy Applying,cannot access local variable 'answer' where it is not associated with a value,Easy Applied,Not Available
4332155717,https://www.linkedin.com/jobs/view/4332155717,Previous resume,2025-11-02 10:37:02.992466,2025-11-03 02:37:07.437757,Problem in Easy Applying,cannot access local variable 'answer' where it is not associated with a value,Easy Applied,Not Available
4320274999,https://www.linkedin.com/jobs/view/4320274999,Previous resume,2025-11-02 04:37:12.451281,2025-11-03 02:37:16.546675,Problem in Easy Applying,cannot access local variable 'answer' where it is not associated with a value,Easy Applied,Not Available
4320326250,https://www.linkedin.com/jobs/view/4320326250,Previous resume,2025-11-02 13:37:22.369287,2025-11-03 02:37:26.392535,Problem in Easy Applying,cannot access local variable 'answer' where it is not associated with a value,Easy Applied,Not Available
4320712420,https://www.linkedin.com/jobs/view/4320712420,Pending,2025-11-04 21:06:28.601724,2025-11-05 03:06:28.672384,Found a Bad Word in About Job,"
About the job
About CabsWale

We're not just another cab company.
We're building the world's first AI-powered driver network where verified drivers across India connect directly with customers and vendors, without middlemen.

Our AI already helps thousands of drivers get work automatically. But we're just getting started.
Now we're looking for builders, tinkerers, and AI maniacs who want to create real impact not slides.

The Challenge

How do you train AI that understands Indian travel chaos?
How do you teach it to pair the right driver with the right traveler across 1,000+ cities?
That's what you'll help us solve.

You'll be working with live data, real drivers, real cities, and real customers your code will literally move people.

What You'll Do

Build and train AI models that power our driver–customer matching system.
Experiment with open-source + commercial AI APIs (we love hacking things together).
Build AI automation tools for customer support, pricing, and lead prediction.
Work closely with our founders, design, and growth teams to deploy AI features used daily by real users.

What We're Looking For

Forget degrees. Forget buzzwords. We care about:

Projects you've actually built or shipped.
Hands-on experience with AI model training, API integrations, or automation workflows.
Curiosity to learn, and the humility to unlearn.
A bias for action — if you wait for perfect clarity, this isn't for you.

If you've hacked together your own tools, deployed side projects, or played with AI APIs before the world noticed ChatGPT — you'll feel at home here.

 The Selection Rounds

We're not running interviews, we're running challenges.

1. The Skill Test: You'll get a real AI problem from our playbook. Build your solution. Ship it.
2. The Creator Round (aka ""Who You Are, Not What's Written""), a raw, honest chat about how you think, build, and learn.
3. The Team Fit Day: Spend a day with us at our Gurgaon HQ — jam with our team, see what we're building, and tell us what you'd do better.

Why Join Us

You'll be building AI that impacts real livelihoods, not just dashboards.
Work directly with founders and senior devs solving crazy real-world problems.
A culture that celebrates experimentation, speed, and bold ideas.
Amazing workspace in Gurgaon with a young, high-energy team (and occasional midnight brainstorming pizzas).

 If this sounds like you

Don't just apply, show us what you've built.
Drop your GitHub, Notion, portfolio, or a Google Drive link.
Tell us what you've hacked that you're proud of.

Stipend 
Rs. 25,000 monthly

📩 Apply via LinkedIn or write to us at ayush.sharma@cabswale.in with subject line:
""AI Role — I'm Ready to Build the Future.""

Contains bad word ""Customer Support"". Skipping this job!
",Skipped,Not Available
4320780537,https://www.linkedin.com/jobs/view/4320780537,Previous resume,2025-11-04 16:06:56.072611,2025-11-05 03:07:06.518661,Problem in Easy Applying,"Message: invalid session id
Stacktrace:
	GetHandleVerifier [0x0x7ff793d4e8e5+80021]
	GetHandleVerifier [0x0x7ff793d4e940+80112]
	(No symbol) [0x0x7ff793ad0425]
	(No symbol) [0x0x7ff793b1864f]
	(No symbol) [0x0x7ff793b510f2]
	(No symbol) [0x0x7ff793b4b89f]
	(No symbol) [0x0x7ff793b4a94a]
	(No symbol) [0x0x7ff793a9a765]
	GetHandleVerifier [0x0x7ff79400dc7d+2960429]
	GetHandleVerifier [0x0x7ff794007f3a+2936554]
	GetHandleVerifier [0x0x7ff794028977+3070247]
	GetHandleVerifier [0x0x7ff793d683ce+185214]
	GetHandleVerifier [0x0x7ff793d6fe1f+216527]
	(No symbol) [0x0x7ff793a9970e]
	GetHandleVerifier [0x0x7ff794146a68+4241944]
	BaseThreadInitThunk [0x0x7ffa59a9e8d7+23]
	RtlUserThreadStart [0x0x7ffa5bcac53c+44]
",Easy Applied,Not Available
4320712420,https://www.linkedin.com/jobs/view/4320712420,Pending,2025-11-04 21:08:02.827783,2025-11-05 03:08:02.909209,Found a Bad Word in About Job,"
About the job
About CabsWale

We're not just another cab company.
We're building the world's first AI-powered driver network where verified drivers across India connect directly with customers and vendors, without middlemen.

Our AI already helps thousands of drivers get work automatically. But we're just getting started.
Now we're looking for builders, tinkerers, and AI maniacs who want to create real impact not slides.

The Challenge

How do you train AI that understands Indian travel chaos?
How do you teach it to pair the right driver with the right traveler across 1,000+ cities?
That's what you'll help us solve.

You'll be working with live data, real drivers, real cities, and real customers your code will literally move people.

What You'll Do

Build and train AI models that power our driver–customer matching system.
Experiment with open-source + commercial AI APIs (we love hacking things together).
Build AI automation tools for customer support, pricing, and lead prediction.
Work closely with our founders, design, and growth teams to deploy AI features used daily by real users.

What We're Looking For

Forget degrees. Forget buzzwords. We care about:

Projects you've actually built or shipped.
Hands-on experience with AI model training, API integrations, or automation workflows.
Curiosity to learn, and the humility to unlearn.
A bias for action — if you wait for perfect clarity, this isn't for you.

If you've hacked together your own tools, deployed side projects, or played with AI APIs before the world noticed ChatGPT — you'll feel at home here.

 The Selection Rounds

We're not running interviews, we're running challenges.

1. The Skill Test: You'll get a real AI problem from our playbook. Build your solution. Ship it.
2. The Creator Round (aka ""Who You Are, Not What's Written""), a raw, honest chat about how you think, build, and learn.
3. The Team Fit Day: Spend a day with us at our Gurgaon HQ — jam with our team, see what we're building, and tell us what you'd do better.

Why Join Us

You'll be building AI that impacts real livelihoods, not just dashboards.
Work directly with founders and senior devs solving crazy real-world problems.
A culture that celebrates experimentation, speed, and bold ideas.
Amazing workspace in Gurgaon with a young, high-energy team (and occasional midnight brainstorming pizzas).

 If this sounds like you

Don't just apply, show us what you've built.
Drop your GitHub, Notion, portfolio, or a Google Drive link.
Tell us what you've hacked that you're proud of.

Stipend 
Rs. 25,000 monthly

📩 Apply via LinkedIn or write to us at ayush.sharma@cabswale.in with subject line:
""AI Role — I'm Ready to Build the Future.""

Contains bad word ""Customer Support"". Skipping this job!
",Skipped,Not Available
4320557807,https://www.linkedin.com/jobs/view/4320557807,Pending,2025-11-04 09:08:42.878290,2025-11-05 03:08:42.921496,Required experience is high,"
About the job
We’re seeking an AI technical support specialist to join Blink.new - the AI app creation platform that builds full stack ai apps and websites in seconds.

Responsibilities
As the AI Support Engineer, you are the point person for helping users with any questions they may have while building their websites or apps using Blink.

You work as the trusted advisor to each builder, helping them with any questions / bugs / issues they may face, so that they go further in their entrepreneurial journey with your help.

Required qualifications
Experience developing websites, web apps, mobile apps
Have basic understanding of React / React Native (at least one)
Great written and verbal communication skills in English
Power user of ChatGPT / Claude and can write great prompts easily
Understand basic frontend / backend / database / authentication / hosting concepts

Preferred qualifications
2 - 5 years of frontend / backend web development experience
Technical support experience at technology companies
You genuinely enjoy talking to people and helping them solve engineering problems

Career growth and perks
Our company provides world-class training for you to become the top 0.1% in prompt engineering, vibe coding, system architecture and AI skills.

Enjoy work from anywhere, flexible time-off, gym and fitness reimbursements.

Be a key part of the active vibe coding community and build your network and audience.
Skills

Experience required 2 > Current Experience 1. Skipping this job!
",Skipped,Not Available
4320576762,https://www.linkedin.com/jobs/view/4320576762,Pending,2025-11-05 02:08:47.541814,2025-11-05 03:08:47.597521,Required experience is high,"
About the job
Flutter Developer (2–3 Years Experience) – Ahmedabad
Location: Ahmedabad (On-site)
Experience: 2–3 Years
Job Type: Full-time
About Revatics
Revatics is a web and mobile app development company with clients across the UK, Europe, and globally. We build high-quality digital products across web, mobile, and AI/ML, with a strong focus on clean architecture, great UX, and long-term partnerships with our clients.
We’re now looking for a Flutter Developer with 2–3 years of experience who is passionate about building robust, scalable and beautiful mobile applications.

Key Responsibilities
Develop, maintain, and optimise mobile applications using Flutter for Android and iOS.
Work with RESTful APIs and integrate backend services.
Implement state management (e.g. Provider / Bloc / Riverpod / GetX).
Write clean, maintainable, and well-documented code following best practices.
Collaborate with designers, backend developers, and product owners to deliver features end-to-end.
Debug, troubleshoot, and resolve issues in existing applications.
Participate in code reviews and contribute to improving coding standards.
Work with version control systems such as Git (GitHub / Bitbucket / GitLab).

Required Skills & Experience
2–3 years of hands-on experience in Flutter development.
Strong knowledge of Dart and Flutter widgets (Stateless/Stateful, custom widgets).
Experience building and deploying apps for Android and/or iOS.
Good understanding of OOP concepts, asynchronous programming and clean architecture.
Experience with:
API integration (REST/JSON)
Local storage (e.g. SharedPreferences, Hive, SQLite)
Push notifications & Firebase services (Auth, FCM, Analytics)
Familiarity with state management (Provider / Bloc / Riverpod / GetX).
Solid understanding of UI/UX basics, responsive layouts and adaptive design.
Comfortable working with Git and standard branching workflows.
Strong problem-solving skills and attention to detail.
Ability to work in a team, take ownership, and deliver within deadlines.

What We Offer
Opportunity to work on international projects (including UK-based clients).
Collaborative, learning-focused environment with room to grow.
Chance to work on end-to-end product development, not just small features.
Competitive salary based on skills and experience.

Experience required 3 > Current Experience 1. Skipping this job!
",Skipped,Not Available
4320801331,https://www.linkedin.com/jobs/view/4320801331,Pending,2025-11-04 19:09:04.626122,2025-11-05 03:09:04.807807,Required experience is high,"
About the job
Location: Bangalore | Experience: 0–1 years
Team: Tech | Reports to: CTO (Arpit Chaudhary)
Duration - 3 Months  

🚀 About the Company:
GreedyGame founded in 2013 by Arpit Jain [CEO] is a leading ad-tech company that's been driving app growth and monetization
We’ve built a sustainable and profitable business for over 7 years without chasing vanity metrics and successfully completed our 0→1 journey, we’re now scaling rapidly (1→10 phase)
As a Google Publishing Partner, we serve 100M+ daily ad impressions and support 5,000+ apps and games worldwide—delivering up to 75% revenue uplift
Trusted by brands like Amazon, Dream11, MPL, Sharechat, Treebo, Mobikwik, and 1000+ publishers across 20+ countries.

🧠 The Products You’d Help Build:

 Pubscale - Our Flagship Product
Enables effective monetization, user acquisition, uplift revenue and analyzes business growth all in a single place.
🔹 Immersive Ads
Native, non-intrusive ad formats with features like smart caching, priority loading, and adaptive refresh deliver better UX and higher monetization without annoying popups
🔹 Offerwall
A reward-based engagement layer that monetizes non-paying users through personalized, high-conversion tasks—driving eCPMs up to $1000 in Tier 1 geos and up to 3X more revenue in emerging markets
🔹 AdX & GROW
Monetization via Google Ad Manager + premium demand partners and an AI-driven UA engine (GROW) with free credits and optimization support


Key Responsibilities (with mentorship and guidance)
Assist in designing and developing backend microservices using Go (Golang)
Support the creation of RESTful APIs and distributed systems
Work with databases like PostgreSQL, MongoDB, and caching tools like Redis
Help with deployment on cloud platforms (Kubernetes, Docker, GCP/AWS)
Participate in team discussions, code reviews, and debugging sessions
Learn and apply performance optimization techniques

Who We’re Looking For
Education: B.Tech/B.E. (CSE/IT or related) – graduating in 2025/2026
Strong understanding of programming fundamentals (Data Structures, Algorithms, OOP)
Exposure with Golang programming language (Internship/Personal Projects)
Basic knowledge of databases (SQL/NoSQL)
Enthusiasm to learn new technologies and build scalable systems
Good problem-solving and analytical skills

Bonus Points If You Have
Basic knowledge of cloud computing or microservices
Participation in hackathons or open-source projects

Experience required 7 > Current Experience 1. Skipping this job!
",Skipped,Not Available
4320498093,https://www.linkedin.com/jobs/view/4320498093,Pending,2025-11-04 11:09:15.688161,2025-11-05 03:09:15.730815,Required experience is high,"
About the job
Hiring: #PythonDevelopers – Face-to-Face Drive in Bangalore!
📍 Location: Bangalore (Work from Office)
📅 Drive Date: Saturday, 8th November 2025
💼 Experience: 3–5 Years
🎓 Qualification: B.E / BTech / MCA / MTech (Preferred)
 Must Have Skills
✅ Python
 ✅ SQL
 ✅ Pandas

Good to Have
✨ FastAPI / Flask
 ✨ PySpark / ETL
 ✨ Apache Airflow
 ✨ AWS / Azure

Key Responsibilities
Develop, optimize, and maintain Python-based applications.
Work with cross-functional teams to deliver new features.
Write clean, efficient, and scalable code.
Handle data manipulation, API development, and integration tasks.
Participate in debugging, optimization, and deployments.

 👨 💻 Strong in problem-solving, data handling, and Python frameworks.

🚀 Join us for the face-to-face drive on 8th November 2025 in Bangalore!

📧 Apply / Refer: soumya.bc@ubique-systems.com

#PythonDeveloper #Hiring #PythonJobs #BangaloreJobs #Pandas #FastAPI #Flask #PySpark #ETL #SQL #Airflow #AWS #Azure #WalkInDrive #FaceToFaceDrive #SoftwareEngineer #HiringNow

Experience required 5 > Current Experience 1. Skipping this job!
",Skipped,Not Available
4310291826,https://www.linkedin.com/jobs/view/4310291826,Pending,2025-11-04 18:09:20.450032,2025-11-05 03:09:20.520236,Required experience is high,"
About the job
Full Stack Developer | React.js + Node.js + PostgreSQL

Experience: 2+ years.
Employment Type: Full-Time - On Site.
Location: Ahmedabad, Gujarat.

About Us:
We're a technology-driven company, developing enterprise software solutions for multiple industries. We're expanding our development team as we prepare for commercial growth.

What You'll Work On:
• Develop and maintain web applications using React.js, Node.js, and PostgreSQL.
• Build scalable backend APIs using Express.js.
• Design and implement database schemas and optimize queries.
• Work with Docker for containerization and deployment.
• Collaborate on cloud infrastructure.
• Integrate third-party services and APIs.
• Implement CI/CD pipelines and automated testing.
• Contribute to architecture decisions for scalable solutions.

Tech Stack:
Frontend: React.js, JavaScript (ES6+), HTML5, CSS3.
Backend: Node.js, Express.js.
Database: PostgreSQL.
DevOps: Docker, GitHub, CI/CD.
Cloud: AWS, Azure, GCP and Hostinger VPS.
Tools: VS Code, Git, API testing tools.

Requirements:
✅ 2+ years of full stack development experience.
✅ Strong proficiency in React.js and Node.js.
✅ Hands-on experience with PostgreSQL and database design.
✅ Understanding of RESTful API development.
✅ Experience with Git version control and branching strategies.
✅ Knowledge of Docker containerization.
✅ Ability to write clean, maintainable code.
✅ Problem-solving mindset and attention to detail.

Nice to Have:
• Experience with enterprise applications.
• AWS services knowledge (EC2, RDS, S3).
• Familiarity with Microservices architecture.
• Experience with automated testing frameworks.
• Multi-tenant application development experience.

What We Offer:
• Work on enterprise-level products with real business impact.
• Collaborative team environment with experienced developers.
• Opportunity to contribute to architectural decisions.
• A collaborative work culture built on knowledge-sharing, dedication, and respect for individuals.
• Opportunities to develop your skills and advance your career with dedicated team members.

Send your resume to career@riseotech.com or Call on +91 77790 53938.

Experience required 2 > Current Experience 1. Skipping this job!
",Skipped,Not Available
4320529870,https://www.linkedin.com/jobs/view/4320529870,Pending,2025-11-04 14:09:25.254092,2025-11-05 03:09:25.376734,Asking for Security clearance,"
About the job
■ Build the Future of Agentic Intelligence at Zunoki

At Zunoki, we’re on a mission to build an Agentic AI platform that unifies ads, CX, and sales systems — helping brands make faster, smarter growth decisions powered by AI. We’re inviting hands-on, builder-minded interns to join us across engineering, GTM, and strategy tracks.

If you love building real systems — from AI orchestration to client deployments — this is where you’ll learn by doing.

1. ■ Fullstack Software & AI Systems Engineer Intern

Focus: Fullstack development, AI orchestration, Supabase sync, and automation pipelines.

Design and build modular AI workflows (tool use, memory, orchestration)
Develop backend APIs and integrate platforms like Google Ads, Meta Ads,
YouTube Ads, Mixpanel, Instagram, and Supabase
Implement RAG pipelines and vector databases (Supabase, Qdrant, Chroma)
Work with model APIs (OpenAI, Groq, Sarvam, Vertex AI)
Prototype and test agent flows using LangChain / LangGraph
Integrate payment gateways (Razorpay, Stripe) and manage Redis-based caching
Build and test telephony integrations (inbound/outbound) using APIs like Twilio or Exotel

Track Options:
Paid Track – Project-based execution with deployment ownership
Experience Track – Certification & Letter of Recommendation

Stack: TypeScript · React · Python · FastAPI · LangChain · LangGraph · Supabase · Postgres · Vercel · GCP · Docker · Redis

2. ■■ Cloud & Systems Engineer Intern (DevOps + Infra)

Focus: Infra setup, Dockerized deployment, CI/CD automation, and observability.

Manage and monitor infra across GCP / AWS
Set up Docker and Kubernetes deployments
Automate CI/CD pipelines via GitHub Actions
Handle secrets, observability, and infra costs
Collaborate with AI engineers for model and data service deployments

Track Options:
Paid Track – Infrastructure management & live deployment tasks
Experience Track – Certification & Letter of Recommendation

Stack: Docker · Kubernetes · GCP · AWS · GitHub Actions · Vercel · Render · Prometheus · Grafana . Vector Database ( Pinecone/ weaviate/ others)

3. ■ Product / GTM Engineer Intern

Focus: Client demos, onboarding, integrations, compliance, and proof-of-concepts.

Support technical onboarding and client PoCs
Configure integrations across Meta Ads, Google Ads, YouTube Ads, Mixpanel,
Supabase dashboards, and other API connectors
Build and deliver tailored demos and product walkthroughs for enterprise clients
Create technical decks, case studies, and documentation
Collaborate with Sales & Product teams to ensure end-to-end solution success
Ensure compliance and data-handling best practices across client-facing workflows

Track Options:
Paid Track – Client-facing delivery, demo setup, and integration projects
Experience Track – Certification & Letter of Recommendation

Skills: APIs · Postman · CRM · Basic Python · Compliance · Client Communication · Presentation Design

4. ■ Sales & Business Development Intern

Focus: B2B prospecting, campaigns, and deal coordination.

1 Identify and qualify enterprise and agency leads
2 Run LinkedIn and email outreach campaigns
3 Manage CRM pipelines and coordinate demo schedules
4 Create outbound content (use cases, success stories, case decks)
5 Work closely with Product Engineers and Founder’s Office for closure tracking

Track Options:
Paid Track – Client-facing execution + incentives for successful conversions
Experience Track – Certification & Letter of Recommendation

5. ■ Founder’s Office Intern

Focus: Operations, research, presentations, VC outreach, and internal alignment.
1 Prepare decks, reports, and analytical presentations for investors & partners
2 Coordinate meetings and track OKRs across Sales, Product, and Engineering
3 Research VC funds, outreach channels, and partnership ecosystems
4 Support product, GTM, and AI system teams with data-driven insights

Track Options:
Paid Track – Strategy & analytics execution tasks
Experience Track – Certification & Letter of Recommendation

■■ Program Details

Duration: 3–6 months
Mode: Remote / Hybrid (Bangalore preferred)
Tracks: Paid Track / Experience Track (Certificate + LoR)

■ Why Join Zunoki

- Build real agentic systems — not dummy projects
- Ship production-grade features across AI, Ads, and CX
- Learn the full stack: LLM → Infra → GTM → Deployment
- Work directly with founders and cross-functional teams

■ How to Apply

Send your LinkedIn / GitHub / Resume with a short note on:
“Which Zunoki track excites you and why?” to teamzunoki@zunoki.com

Please put the team in cc rakesh.thakur@zunoki.com / pawan.popli@zunoki.com / saurav.panda@zunoki.com / Krishnan.nair@zunoki.com / ajaypal.singh@zunoki.com / romen.c@zunoki.com

Subject: Internship — [Preferred Role]

Found ""Clearance"" or ""Polygraph"". Skipping this job!
",Skipped,Not Available
4320447817,https://www.linkedin.com/jobs/view/4320447817,Pending,2025-11-04 09:09:45.214742,2025-11-05 03:09:45.290142,Required experience is high,"
About the job
Job Title: Gen AI Engineer
Location: Mumbai (On-site)
Experience: 0–3 years

About the company
We are a pioneering artificial intelligence company that has developed its own Large Language Model (LLM) to power enterprise intelligence and automation at scale. Our mission is to redefine how businesses interact with data — transforming static information into dynamic, decision-ready insights. We’re not just building tools; we’re building the future of intelligent systems.


Role Overview
We’re looking for a Gen AI Engineer who is passionate about developing, fine-tuning, and deploying advanced generative AI systems. You’ll work closely with our product, data, and engineering teams to enhance our proprietary LLM capabilities and build intelligent applications around it.

This is a hands-on role ideal for someone who thrives at the intersection of research, applied AI engineering, and problem-solving.

Key Responsibilities
Develop and fine-tune LLMs and multimodal AI models for domain-specific applications.
Design and implement prompt engineering, retrieval-augmented generation (RAG), and knowledge grounding pipelines.
Collaborate with backend and ML teams to integrate GenAI models into production systems.
Experiment with open-source models (Llama, Mistral, Falcon, etc.) and evaluate them for internal use cases.
Build and optimize data pipelines for training and inference.
Work with vector databases (Pinecone, FAISS, Weaviate) and embedding frameworks.
Monitor and improve model performance, scalability, and latency in live environments.
Contribute to AI safety, compliance, and ethical model usage frameworks.


Required Skills & Experience
0–3 years of hands-on experience in Machine Learning, NLP, or Generative AI development.
Strong proficiency in Python, PyTorch/TensorFlow, and LangChain/LlamaIndex.
Solid understanding of transformer architectures, tokenization, and embedding models.
Experience working with LLM APIs (OpenAI, Anthropic, our own LLM, etc.).
Proficiency in deploying models using Docker, FastAPI, or similar frameworks.
Good grasp of cloud platforms (AWS, GCP, Azure) for AI workloads.
Demonstrated problem-solving skills and a strong product-focused mindset.
Proven participation and success in Hackathons or AI/ML competitions.

Good to Have
Experience building AI copilots, chatbots, or enterprise automation systems.
Familiarity with fine-tuning methods (LoRA, QLoRA, PEFT).
Knowledge of MLOps and continuous training pipelines.
Exposure to vector search and knowledge graph systems.

Why us?
Work directly on a homegrown LLM powering enterprise intelligence.
Collaborate with a team of AI innovators and full-stack problem-solvers.
Be part of a fast-scaling company building real-world, high-impact AI systems.
Enjoy a learning-driven environment, competitive compensation, and rapid growth opportunities.

If you are interested please apply at - Priyansh@hirojet.com

Experience required 3 > Current Experience 1. Skipping this job!
",Skipped,Not Available
4320585378,https://www.linkedin.com/jobs/view/4320585378,Pending,2025-11-05 02:45:57.453442,2025-11-05 03:10:06.473436,Problem in Easy Applying,"Message: 
Stacktrace:
	GetHandleVerifier [0x0x7ff793d4e8e5+80021]
	GetHandleVerifier [0x0x7ff793d4e940+80112]
	(No symbol) [0x0x7ff793ad060f]
	(No symbol) [0x0x7ff793b28854]
	(No symbol) [0x0x7ff793b28b1c]
	(No symbol) [0x0x7ff793b7c927]
	(No symbol) [0x0x7ff793b5126f]
	(No symbol) [0x0x7ff793b7968a]
	(No symbol) [0x0x7ff793b51003]
	(No symbol) [0x0x7ff793b195d1]
	(No symbol) [0x0x7ff793b1a3f3]
	GetHandleVerifier [0x0x7ff79400dc7d+2960429]
	GetHandleVerifier [0x0x7ff794007f3a+2936554]
	GetHandleVerifier [0x0x7ff794028977+3070247]
	GetHandleVerifier [0x0x7ff793d683ce+185214]
	GetHandleVerifier [0x0x7ff793d6fe1f+216527]
	GetHandleVerifier [0x0x7ff793d57b24+117460]
	GetHandleVerifier [0x0x7ff793d57cdf+117903]
	GetHandleVerifier [0x0x7ff793d3dbb8+11112]
	BaseThreadInitThunk [0x0x7ffa59a9e8d7+23]
	RtlUserThreadStart [0x0x7ffa5bcac53c+44]
",Easy Applied,Not Available
4320793210,https://www.linkedin.com/jobs/view/4320793210,Pending,2025-11-04 23:10:11.170681,2025-11-05 03:10:11.221725,Found a Bad Word in About Job,"
About the job
About the Company
ZeTheta Algorithms Private Limited is a FinTech start-up which has been recently set up and is developing innovative AI tools.
About the Role
We are seeking a talented and motivated student intern for Portfolio Management - Wealth Manager role. This is an extraordinary opportunity for a self-driven, financially skilled student with an eye for investment analysis and advisory.
About the Internship:
As a Wealth Manager, you will work on cutting-edge projects involving investment advisory, portfolio management, asset allocation and risk profiling. You will have the opportunity to engage in multiple mini-projects across a large number of functional areas. The internship is designed to provide practical exposure to wealth management simulation.
Key Responsibilities
As part of the internship, you will work through a structured set of assignments designed to enhance your understanding of investment strategies and client portfolio management - asset allocation. Your primary responsibilities will include:
1. Wealth Management & Client Engagement
Learn about client interaction and investment strategies.
Assist in preparing pitch books and investment presentations for clients.
Analyze and present market data insights for portfolio recommendations.
Participate in mock client meetings to develop communication skills.
2. Financial Research & Analysis
Conduct fundamental and technical analysis of equities and alternative investments.
Understand debt securities and yield to maturity (YTM) calculations.
Compare investment options such as corporate bonds, NCDs, and mutual funds.
3. Portfolio & Risk Management
Develop portfolio allocation strategies.
Perform AI powered risk profiling using our Virtual Risk Analyser and understand your behavioural biases.
Create a portfolio of assets allocating virtual money to buy equities, debt, ETFs and alternative investments such as REITs, INVITs etc. with near live price feeds and compare your asset allocation to target asset allocation suggested through AI powered risk profiling.
4. Technical & AI-Driven Financial Tools
Learn about artificial intelligence in portfolio management.
Work on Virtual Risk Analyser.
Work on Virtual Portfolio Analyser.
5. Capstone Project
Prepare an investment proposal for a client, including:
Portfolio allocation recommendations.
Long-term macroeconomic outlook.
Security/fund selection and justification.
What You Will Learn
Practical exposure to investment advisory, portfolio construction, and risk analysis.
Hands-on experience of asset allocation using investment advisory tools.
Strong analytical and financial modelling skills.
Enhanced presentation and communication skills.
Knowledge of AI applications in finance.
Who Should Apply?
Student of fresh graduate from any academic discipline.
Strong analytical and problem-solving skills.
Basic knowledge of Microsoft Office.
Willingness to self-learn and work in a fast-paced environment.
Internship Details
Duration: Self-paced. Option of 1 month or 2 months within a period of 4 months provided.
Type: Unpaid

Contains bad word ""Construction"". Skipping this job!
",Skipped,Not Available
4321091876,https://www.linkedin.com/jobs/view/4321091876,Pending,2025-11-06 19:30:42.228258,2025-11-07 02:30:42.292445,Found a Bad Word in About Job,"
About the job
Job Title: AI Engineer
Location: Bangalore (Hybrid/Onsite)
Type: Full-time

We are looking for an AI Intern who will work on building and integrating intelligent systems across conversation, context memory, and vision. You will contribute to the development of AI agents, conversational orchestration flows, and visual understanding modules as part of TatvaOps’ core AI roadmap.

Roles & Responsibilities:

Work on LLM-based systems for conversational AI, summarisation, and reasoning.

Build and optimise RAG pipelines using LangChain / LangGraph for intelligent data retrieval.

Design and manage context memory layers using Vector Databases like Pinecone or Qdrant.

Contribute to multi-agent orchestration and AI character interactions.

Support Computer Vision (CV) modules for image understanding, moodboard generation, and visual output.

Implement text-to-image and image-to-insight workflows using modern AI frameworks.

Integrate AI features into web applications using FastAPI, Node.js, or similar environments.

Assist in performance tuning, data pipeline optimisation, and system monitoring.

Collaborate with product and engineering teams to test and deploy functional AI prototypes.

Preferred Skills:

Strong foundation in Python and basic understanding of Machine Learning / AI concepts.

Familiarity with LLMs, RAG, LangChain, LangGraph, or similar frameworks.

Understanding of vector databases (Pinecone, Qdrant, or Redis).

Exposure to Computer Vision / Generative AI tools (CLIP, Diffusion models, BLIP, etc.).

Experience with FastAPI, Node.js, or React for API and interface integration.

Good problem-solving skills, curiosity to explore new technologies, and ability to work in fast-paced environments.

Why Join Us?
Be part of a next-gen product redefining how real estate and construction projects are managed.
Freedom to innovate, experiment, and influence AI strategy at the ground level.
Fast-paced, high-impact work with visibility across the organization.

What We're Looking For
Passion for practical AI — building usable, business-oriented intelligence.
Strong logical reasoning and experimentation skills.
Familiarity with both coding and prompt-engineering workflows.
Willingness to co-own AI roadmap modules and iterate fast.

Perks
Work on applied AI in live production systems.
Opportunity to build AI personas and real-world conversational agents.
Access to paid AI tools and vector databases for experimentation.
Performance-based incentives and rapid career growth.

Contains bad word ""Construction"". Skipping this job!
",Skipped,Not Available
4337875667,https://www.linkedin.com/jobs/view/4337875667,Pending,2025-11-06 12:31:14.053654,2025-11-07 02:31:14.260872,Required experience is high,"
About the job
Please Note: ➡️ Only candidates who are immediate joiners (0–7 days) will be considered
➡️ This also includes for those who are already serving notice period, as long as they are available to join within 10-15 days. 
➡️ If you do not have hands-on experience with building AI software, please do not apply

About us: 
Omnibound (https://www.omnibound.ai/ ) is building the AI-based operating system for modern B2B marketing teams. We help CMOs and their teams scale campaigns, programs, and experiments faster by acting as an agentic co-pilot across the marketing org — from product and content marketing to demand gen and partner teams. We’re early but growing quickly, backed by experienced operators and angels who’ve built category-defining products.

Job role:
We’re seeking a skilled Backend Ai Developer with a strong foundation in Python and hands-on experience in backend frameworks—Django REST Framework (preferred), along with FastAPI or Flask. The role involves contributing to the architecture and supporting the initial launch of our product. This person should have deep technical experience in building SaaS and AI software applications from scratch that can scale to a large number of users and is a self-starter who likes to experiment.

Requirements:
Must be proficient in Python and Django rest framework with at least 2 years of real-world experience
Must have hands-on experience with building RAG systems – from reading unstructured files to chunking, vectorizing, retrieving, and evaluating
Must have experience building AI agents and using frameworks like Lang Chain, Lang Graph, Crew AI (preferred), or similar
Must have experience with Vector databases like Pinecone, Weaviate, or Chroma DB
Experience with MySQL databases like PostgreSQL or similar. NoSQL database like MongoDB or similar.
Potential experience with machine learning algorithms and deep learning frameworks like TensorFlow and PyTorch
Experience working with LLMs like GPT-4, Claude, Llama, and Gemini
Experience in working with large datasets and data preprocessing techniques
Familiarity with agile web development, version control systems, and coding copilots
Strong problem-solving skills and a self-starter, entrepreneurial attitude
Good English communication skills to work in an international environment

👉 How to Apply:
Submit your resume only if you meet the experience criteria and are available to join immediately. 

Experience required 2 > Current Experience 1. Skipping this job!
",Skipped,Not Available
4321184362,https://www.linkedin.com/jobs/view/4321184362,Pending,2025-11-07 02:05:17.094404,2025-11-07 02:31:17.139721,Required experience is high,"
About the job
Company Description:
 AI Planet, founded in 2020, is on a mission to make AI accessible to everyone, supported by a thriving global AI community of over 300,000 members. The company offers an AI marketplace and a Generative AI stack, enabling secure and private AI integration for enterprises and SMEs. Committed to innovation and education, AI Planet open-sourced its advanced GenAI Stack and developed LLMs like effi-7b and effi-13b, which surpass other prominent models. The organization has strategic partnerships with government innovation agencies and has empowered the AI community with free training programs and resources.

 Role Description:
 This is a full-time hybrid role for a Junior Software Engineer, based in Hyderabad, with the flexibility to work from home on occasion. The role involves designing, developing, and maintaining software applications, contributing to both back-end and full-stack development. Day-to-day tasks include writing clean and efficient code, debugging, collaborating with team members to build scalable solutions, and staying updated on emerging technologies to ensure the delivery of high-quality software solutions.

 Qualifications:
 
Bachelor’s degree in Computer Science, AI, Data Science, or equivalent field.
0–2 years of professional experience (internships or academic projects are welcome).
Strong programming skills in Python.
Familiarity with AI/ML libraries such as PyTorch, TensorFlow, or Hugging Face.
Understanding of APIs, microservices, and backend frameworks (Flask, FastAPI, or Django).
Basic exposure to LLMs, RAG pipelines, and prompt engineering is a plus.
Enthusiasm to learn and work in a fast-paced AI-driven environment.


Preferred (Nice to Have):

Prior experience (internship/project) involving AI or ML integration.
Understanding of vector databases or embeddings.
Interest in Agentic AI, LLM orchestration, or AI workflow automation.
Contributions to open-source or GitHub AI projects.


Why Join AI Planet?

Learn directly from experienced AI Architects and Product Leaders.
Work with cutting-edge technologies in AI, LLMs, and automation.
Opportunity to grow into mid-level or AI-specialized roles quickly.
Flexible hybrid work model and learning-focused culture.

Experience required 2 > Current Experience 1. Skipping this job!
",Skipped,Not Available
4337941787,https://www.linkedin.com/jobs/view/4337941787,Pending,2025-11-06 07:31:53.644948,2025-11-07 02:31:53.744088,Found a Bad Word in About Job,"
About the job
We’re looking for passionate and curious Full Stack Developers who are eager to learn, build, and grow across modern technologies. You’ll work closely with our senior developers to design, develop, and maintain real-world web and app projects using the latest frameworks and tools.
 If you love solving problems, experimenting with code, and exploring new technologies — this is your opportunity to shine!
  Tech Stack You’ll Work On (Anyone):
 Frontend: React.js, Next.js, HTML, CSS, JavaScript, TypeScript
 Backend: Node.js, Express.js, Python (Flask/Django), PHP (Laravel), .NET Core
 Databases: MySQL, MongoDB, PostgreSQL, Firebase
 CMS & Frameworks: WordPress, Shopify, Strapi, Headless CMS
 AI / Data Science / ML: Python libraries (NumPy, Pandas, TensorFlow, Scikit-learn)
 Cloud & DevOps: AWS, Docker, GitHub, CI/CD pipelines
 APIs & Integrations: RESTful APIs, GraphQL, third-party API integrations
  Key Responsibilities:
 Assist in developing and maintaining web and mobile applications.
 Collaborate with senior developers on architecture, design, and feature implementation.
 Write clean, efficient, and well-documented code.
 Learn and work with APIs, databases, and deployment environments.
 Participate in brainstorming sessions and contribute innovative ideas.
 Stay updated with modern frameworks and emerging technologies.
  Who Can Apply:
 Students or recent graduates in Computer Science, IT, or related fields.
 Basic knowledge of at least one programming language or framework.
 Strong logical thinking and eagerness to learn new technologies.
 Good communication and teamwork skills.

Contact Us on What's-App: 9079161790
 

Contains bad word "".NET"". Skipping this job!
",Skipped,Not Available
4306720954,https://www.linkedin.com/jobs/view/4306720954,Pending,Unknown,2025-11-07 02:32:49.217642,Found Blacklisted words in About Company,Failed to find an element with given classes,Skipped,Not Available
4301866121,https://www.linkedin.com/jobs/view/4301866121,Pending,2025-10-10 02:36:26.737845,2025-11-07 02:36:26.784552,Found a Bad Word in About Job,"
About the job
Company Description
At HUMANOID ROBOTICS LIMITED, our team of passionate engineers, developers, and innovators is dedicated to creating commercially scalable, safe, and intelligent humanoid robots. Our mission is to transform businesses and redefine the way humans interact with technology through our cutting-edge robotics solutions. We are committed to pushing the boundaries of automation and human-robot interaction.

Role Description
This is a full-time, on-site role for a Robotics Engineer based in Mumbai. The Robotics Engineer will be responsible for designing, developing, and testing robotic systems and their components. Daily tasks will involve robotics software development, process automation, and analytical assessments to improve robot performance. The Engineer will also collaborate with cross-functional teams, maintain thorough documentation, and ensure excellent communication channels.
share your cv- info@humanoidrobotics.ltd or whatsapp +91 99220 63599

Qualifications
Strong skills in Robotics and Process Automation
Excellent Analytical Skills
Proficient in Software Development
Effective Communication skills
Bachelor's or Master's degree in Robotics, Engineering, Computer Science, or a related field
Ability to work collaboratively in a team environment
Previous experience in developing humanoid robots is an advantage

Contains bad word ""SAP"". Skipping this job!
",Skipped,Not Available
4333663050,https://www.linkedin.com/jobs/view/4333663050,Pending,2025-11-02 02:37:10.248983,2025-11-07 02:37:10.485093,Found a Bad Word in About Job,"
About the job
This opportunity is only for candidates currently residing in the specified country. Your location may affect eligibility and rates. Please submit your resume in English and indicate your level of English.

At Mindrift, innovation meets opportunity. We believe in using the power of collective intelligence to ethically shape the future of AI.

What We Do

The Mindrift platform connects specialists with AI projects from major tech innovators. Our mission is to unlock the potential of Generative AI by tapping into real-world expertise from across the globe.

About The Role

GenAI models are improving very quickly, and one of our goals is to make them capable of addressing specialized questions and achieving complex reasoning skills. If you join the platform as an AI Tutor in Electrical Engineering, you'll have the opportunity to collaborate on these projects.

Although every project is unique, you might typically:

Generate prompts that challenge AI. 
Define comprehensive scoring criteria to evaluate the accuracy of the AI's answers. 
Correct the model's responses based on your domain-specific knowledge

How To Get Started

Simply apply to this post, qualify, and get the chance to contribute to projects aligned with your skills, on your own schedule. From creating training prompts to refining model responses, you'll help shape the future of AI while ensuring technology benefits everyone.

Requirements

You hold a Bachelor's, Master's or PhD Degree in Electrical Engineering and/or in relevant area. 
You have at least 1 year of professional experience with focus in one of the following fields: Power Engineering, Control Systems Engineering, Electronics Engineering, Communication Systems Engineering, Signal Processing, Instrumentation Engineering, Microelectronics, VLSI Engineering, Embedded Systems, Renewable Energy Systems, Robotics and Automation, Power Electronics, Electric Machines and Drives, Electromagnetics, High Voltage Engineering, Power System Protection, Lighting Systems Engineering, Electrical Safety Engineering, Smart Grid Technologies, Distributed Energy Systems & Microgrids, Electric Vehicle (EV) Systems
 Your level of English is advanced (C1) or above. 
You are ready to learn new methods, able to switch between tasks and topics quickly and sometimes work with challenging, complex guidelines. 
Our freelance role is fully remote so, you just need a laptop, internet connection, time available and enthusiasm to take on a challenge

Benefits

Why this freelance opportunity might be a great fit for you? 

Get paid for your expertise, with rates that can go up to $12/hour depending on your skills, experience, and project needs
Take part in a part-time, remote, freelance project that fits around your primary professional or academic commitments
Work on advanced AI projects and gain valuable experience that enhances your portfolio
Influence how future AI models understand and communicate in your field of expertise

Contains bad word ""Electrical"". Skipping this job!
",Skipped,Not Available
4334389304,https://www.linkedin.com/jobs/view/4334389304,Pending,2025-10-17 02:37:29.253178,2025-11-07 02:37:29.302818,Found a Bad Word in About Job,"
About the job
About The Role

Join us to eliminate manual drudgery, build reliable automations, and connect the tools that power modern teams.

We’re not just hacking together scripts—we're building a robust internal automation platform used by sales, marketing, recruiting, and ops. If you're an engineer who loves solving operational pain with clean code, smart orchestration, and end-to-end visibility, this is your playground.

What You’ll Do

Design and build automations that replace tedious workflows—reduce manual steps by 50%+.
Integrate systems like HubSpot, Greenhouse, Airtable, CRMs, enrichment APIs (Clearbit, Hunter, etc.), and others.
Deploy resilient, observable workflows using tools like n8n, Retool, or Apify—think idempotency, retries, dashboards.
Own reliability: Create alerts, SLAs, dashboards for monitoring failures, cost, and usage.
Build internal tools and templates for non-engineers to launch their own automations.

Success in the First 90 Days

Replace one high-volume manual process with a scalable automated pipeline.
Launch at least one reusable internal tool or automation template.
Set up dashboards to track failure rates, throughput, and costs across automations.

What Makes You a Great Fit

Write production-ready JavaScript (Node.js) or Python.
Have experience with automation/orchestration tools like n8n, Retool, or Apify.
Can connect APIs (REST/GraphQL) with proper handling for retries, rate limits, and pagination.
Value data quality—deduplication, normalization, and validation are second nature.
Build for reusability, scale, and clarity—your teammates love your runbooks.

Bonus Points For

Experience with voice agents (e.g., Bland AI), Clay, Power BI, or enrichment tools.
Admin/API familiarity with HubSpot, Greenhouse, or similar platforms.

Why You’ll Love Working With Us

Real impact: Your work will visibly improve team productivity and company growth.
Autonomy + ownership: Define how our automation stack evolves.
Remote flexibility: Work from anywhere and own your schedule.
Growth path: Opportunity to scale a critical internal platform from the ground up.

About Bold Business

Bold Business is a US-based global business process outsourcing (BPO) firm with over 25 years of experience and $7B+ in client engagements. We help fast-growing companies scale through smart talent strategies, automation, and technology-driven solutions.

Bold Business recruiters always use a “@boldbusiness.com” email address and/or from our Applicant Tracking System, Greenhouse. Any variation of this email domain should be considered suspicious. Additionally, Bold Business recruiters and authorized representatives will never request sensitive information in email or via text.

Contains bad word ""BPO"". Skipping this job!
",Skipped,Not Available
4315203864,https://www.linkedin.com/jobs/view/4315203864,Pending,2025-10-17 02:37:32.109153,2025-11-07 02:37:32.175382,Found a Bad Word in About Job,"
About the job
We are looking for very talented UiPath RPA Developers who love to build process automation and bots from the ground up in a fast-paced environment to join our team.

Our RPA Development team is an amazing group of hardworking, motivated, independent self-starters who value personal freedom, and flexibility to do their best work. They have the personal accountability and discipline to work independently to solve complex healthcare-related challenges with code and determination. Our team works hard to build trust, embrace conflict, follow through on our commitments, take personal accountability for our actions, and persistently drive results.

If that sounds like you so far please read on, we would love to talk to you about joining the team!

Revival Health is an innovative healthcare automation company focused on building the digital healthcare workers of the future for medical practices so that doctors, nurses, and medical staff can focus on what matters most, caring for their patients, and saving human lives. We are seeking an RPA Development team member who would like to design, create, and maintain complex medical practice automation products for many years to come.

As an RPA Developer, your opportunities to make an impact will be:

Creating high-quality products that solve real healthcare business problems, while always putting yourself in the shoes of the user.
Developing and taking pride in high-quality test-driven code.
Delivering on your commitments and communicating as soon as possible when you can’t keep the commitment to team members and the company.
Failing quickly while experimenting and trying things that solve important problems in a creative way.
Sharing your experience developing robust, scalable, maintainable distributed applications.
Selected candidates for this role will be offered a three-month trial and probationary period to prove their RPA and Development skills as top performers. Successful three-month trial period candidates will be converted into a full-time role with the team.

More about you:

You are a person who strives to work and communicate with integrity.
You have the skillset and capacity to be a top producer on your own with minimal supervision and oversight.
You have the ability to listen intently and ask good questions, by truly listening to what people are saying and respecting their thoughts, ideas, and concerns.
You are comfortable following standard operating procedures, consistently communicating, and improving upon established procedures.
You are someone who loves to solve technical challenges in a creative manner always putting the user first, and not being afraid to experiment, test, and troubleshoot.
You have the ability to learn new software and /or features quickly and in an efficient and effective manner.
You are good at documenting and explaining how to follow steps and processes to accomplish goals or solve problems.
You are driven to learn and willing to “go the extra mile” in an environment that encourages freedom and personal responsibility.

Experience and things you’ll need to know:

It is important that at minimum you have a UiPath Academy - Advanced Level Training Certificate or one of the following qualified UiPath certifications:
UiPath Academy - Automation Developer Professional Training
UiPath Academy - RPA Solution Architect
UiPath Certified Professional - Automation Developer Professional
UiPath Certified Professional - Specialized AI Professional
You have a minimum of 2 years of self-sufficient UiPath experience building a variety of complex-level automation projects on your own. 
You have a minimum of 2 or more years of experience with RPA and/or developing software.
You know Git, AppScripts, AWS, Microsoft Azure and .Net.
You have a BA degree in a related field.
You know how to create design documents and UAT plans.
You have excellent process monitoring and troubleshooting skills.

*** Important *** 

*Read the instructions below carefully before you apply for this opening* 

Please complete the Revival Health Technical Assessment via the link below now:

https://forms.gle/5cgNDzdzDP1n4gYdA

*For us to consider your application, the technical assessment above must be successfully completed prior to consideration.*

Thank you for your interest in joining the Revival Health team! Together we can make a difference!

Contains bad word "".NET"". Skipping this job!
",Skipped,Not Available
4331494922,https://www.linkedin.com/jobs/view/4331494922,Pending,2025-11-01 02:37:36.797909,2025-11-07 02:37:36.826164,Found a Bad Word in About Job,"
About the job
We are looking for 1-4 years experienced diploma/B.E candidate (C.Sc, EEE, instrumentation, mechatronics or ECE are highly preferred) to support our business in Industrial automation. We already have a team experienced professionals providing services including electrical design, control panel assembly, panel wiring, PLC, HMI, SCADA, IOT consultancy, programming, commissioning and data analytics. We are planning to increase our team size. DET & GET are highly preferred.

Responsibilities
 The job responsibility includes PLC SCADA, VFD, level 2 programming, testing & commissioning. Additionally, networking knowledge will be an added advantage. Adequate trainings will be provided wherever & whenever it’s needed. At least 60% of travelling will be there all over India but mostly in south and the travel allowance will be considered for the same. Further details will be explained during the interview process.

If anyone knowing to you is interested then forward the resume to steno@stsk.in and put CC to packiaraj@stsk.in, sivaprakash@stsk.in and t.maharajan@stsk.in.

Contains bad word ""Electrical"". Skipping this job!
",Skipped,Not Available
4334613495,https://www.linkedin.com/jobs/view/4334613495,Pending,2025-11-06 14:37:41.585977,2025-11-07 02:37:41.647036,Found a Bad Word in About Job,"
About the job
Job Title: Product Development Engineer (Embedded Systems / Industrial Automation)
Company: Excelfast Advanced Technologies Pvt. Ltd.

Location: Indore, Madhya Pradesh
Experience Required: 2–4 years
Salary Range: ₹6–8 LPA 
Job Type: Full-time | On-site

About the Company

Excelfast Advanced Technologies Pvt. Ltd. is a fast-growing engineering design and product development company based in Indore and Pithampur, serving customers in the UK and USA.
We specialise in concept design, detailed engineering, prototype development, and smart automation solutions across sectors including industrial systems, embedded electronics, and mechatronic devices.

Role Overview

We are looking for a skilled Product Development Engineer with strong expertise in embedded systems design, electronics hardware, and firmware development for industrial and automation products.
The ideal candidate will be responsible for designing real-time control systems, developing custom PCBs, and integrating sensors, actuators, and communication interfaces into complete product solutions.

Key Responsibilities

Design and develop embedded control systems for industrial and automation applications.
Develop and test firmware for real-time hardware control and system integration.
Design, prototype, and validate PCBs for communication, sensing, and control units.
Integrate multiple subsystems including sensors, actuators, and communication modules.
Collaborate with mechanical, electrical, and software teams for product integration and testing.
Support prototype build, performance validation, and product optimisation for manufacturability.
Required Skills & Competencies
Programming Languages: C, C++, Embedded C, Python
Microcontrollers: STM32, Teensy, Atmega, ATtiny, ESP32/8266, Raspberry Pi
Design Tools: KiCad, Keil µVision, Arduino IDE
Communication Protocols: UART, SPI, I²C, USB, Wi-Fi, Bluetooth, Zigbee
Domains: Embedded Systems, Industrial Electronics, IoT, Automation, Control Systems
Understanding of real-time firmware, closed-loop control, and signal integrity in hardware design.
Experience with product testing, validation, and debugging of electronic systems.

Education

B.E./B.Tech in Electronics & Communication, Electrical, Instrumentation, or related field.
Postgraduate or certification in Embedded Systems / Industrial Automation preferred.
Preferred Experience
2–4 years in embedded product development, industrial automation, or electronics R&D.
Hands-on experience with PCB design, firmware integration, and prototyping.
Exposure to IoT-based or real-time control applications is advantageous.

Why Join Us

Work on innovative industrial and automation products.
Collaborate with international clients on technology-focused projects.
Growth-oriented environment promoting creativity, innovation, and R&D excellence.
Opportunity to contribute to end-to-end product development — from concept to deployment.

Benefits:

5 Days a week (Saturday and Sunday Off)
Competitive salary upto 6-8 LPA.
Opportunities for professional development.
A collaborative and innovative work environment.


How to Apply

Send your updated CV and project portfolio to:
📧 careers@excelfast.in

📍 Location: Indore / Pithampur

Contains bad word ""Mechanical"". Skipping this job!
",Skipped,Not Available
4319891492,https://www.linkedin.com/jobs/view/4319891492,Pending,2025-10-31 02:37:46.351544,2025-11-07 02:37:46.390699,Required experience is high,"
About the job
About Iravan
Iravan Technologies, headquartered in Pune, is a semiconductor design services company specializing in Mixed-Signal, Digital, and Formal Verification. We partner with leading companies across Storage, Networking, Aerospace, Automotive, Defense, and other critical industries to deliver advanced semiconductor solutions.

Role Expectations (JD):
 • Experience in Analog Mixed-Signal verification methodologies and flows
 • Strong understanding of Analog and Digital circuits
 • Hands-on project work in AMS Verification
 • Proficiency with Cadence tools and co-simulation flows

Qualifications
 • M.Tech + 1 year of relevant industry experience, OR
 • 2+ years of experience in Digital or Analog domains

Interested candidates may share resumes at careers@iravan.tech - (Immediate to 30-day notice period candidates preferred)

Experience required 2 > Current Experience 1. Skipping this job!
",Skipped,Not Available
4313666727,https://www.linkedin.com/jobs/view/4313666727,Pending,2025-10-17 02:37:50.983754,2025-11-07 02:37:51.030335,Found a Bad Word in About Job,"
About the job
Position : Mobile App Automation Engineer

Location: Remote

Job Summary

We are looking for a skilled Mobile App Automation Engineer with strong expertise in mobile application testing (manual and automation) to join our QA team. The ideal candidate will have hands-on experience in Ruby, Appium, and Cucumber, with the ability to design, develop, and execute robust test automation frameworks for both Android and iOS applications.

Key Responsibilities

Design, develop, and maintain mobile automation frameworks using Ruby + Appium. 
Execute manual and automated testing for Android and iOS applications. 
Use Appium Inspector to identify and validate UI elements. 
Run and debug test automation suites locally on Android Emulators and iOS Simulators. 
Integrate and execute automated tests within CI/CD pipelines (e.g., Jenkins, GitHub Actions, CircleCI). 
Troubleshoot and debug test failures both locally and in CI/CD environments. 
Implement and maintain Cucumber-based BDD test scenarios for mobile apps. 
Utilize cloud-based mobile testing platforms (e.g., Perfecto, Sauce Labs, BrowserStack) for test execution. 
Collaborate with developers, QA, and DevOps teams to ensure high-quality releases. 

Required Skills & Qualifications

Strong proficiency in Mobile Application Testing (Manual + Automation). 
Hands-on experience with Ruby + Appium. 
Experience using Appium Inspector for locating and verifying elements. 
Proficiency in executing tests on Android Emulators and iOS Simulators. 
Strong understanding of CI/CD pipelines for automated test execution. 
Proficiency in Cucumber for BDD-based automation. 
Experience with cloud-based mobile device testing platforms. 
Excellent debugging and troubleshooting skills. 

Good To Have

Experience with Java + Appium. 
Familiarity with the Quantum framework 
Knowledge of test reporting tools and dashboard integrations. 

#MobileAutomation #Appium #QAJobs #AutomationEngineer #MobileTesting #RemoteQAJobs #RubyAutomation #CucumberBDD #iOSTesting #AndroidTesting #RemoteTechJobs #TestAutomation #CI_CD #HiringNow #TechJobs

Contains bad word ""Ruby"". Skipping this job!
",Skipped,Not Available
4296869524,https://www.linkedin.com/jobs/view/4296869524,Pending,2025-10-08 02:38:09.354546,2025-11-07 02:38:09.389559,Found a Bad Word in About Job,"
About the job
Phinity is helping the labs building AGI automate hardware engineering by building environments to train agents on hardware design and verification tasks. Our customers include one of the largest frontier labs.

We're seeking hardware engineers to collaborate with frontier lab researchers to create high-quality RTL design, verification, and debugging challenges that mirror real-world semiconductor development. It is a remote/hybrid position with flexible hours, with pay up to $90/hour based on experience.

What you’ll do:
Develop realistic RTL design and verification problems that reflect industry complexity and best practices
Build and optimize containerized environments for agent training tasks in hardware design workflows
Work directly with frontier lab AI researchers to understand agent capabilities and training requirements

Required Experience:
2+ years in RTL design using Verilog/SystemVerilog or VHDL
Strong background in verification methodologies (UVM, SystemVerilog, testbench development)
Experience with synthesis, timing analysis, and debugging tools
Familiarity with industry-standard EDA tools (Synopsys, Cadence, Mentor Graphics)

Skills:
Strong problem-solving and analytical thinking
Excellent communication skills for cross-functional collaboration for researchers who are not hardware experts
Curiosity about AI/ML applications in hardware design
Self-motivated and able to work independently in a remote environment

Contains bad word ""Hardware Engineer"". Skipping this job!
",Skipped,Not Available
4283407185,https://www.linkedin.com/jobs/view/4283407185,Pending,2025-08-09 02:38:14.147315,2025-11-07 02:38:14.231578,Found a Bad Word in About Job,"
About the job
Astrome is seeking a talented DSP engineer to join our innovative team. The ideal candidate will have a strong foundation in digital signal processing theory and practical experience in algorithm development and implementation. You will be working on cutting-edge projects, contributing to the development of advanced signal processing solutions for a variety of applications.

Core Responsibilities:

Algorithm Development:
Design, develop, and optimize signal processing algorithms for various applications like audio, video, communication systems, medical devices, etc. 
Research and implement state-of-the-art signal processing techniques. 
Analyze signal characteristics and identify areas for improvement. 
Software Development:
Implement DSP algorithms using programming languages like C/C++, Python, or specialized DSP tools
Develop software tools and libraries for signal processing tasks. 
Integrate DSP solutions into larger software systems
Hardware Integration:
Collaborate with hardware engineers to design and optimize DSP hardware architectures. 
Implement DSP algorithms on various hardware platforms like DSP processors, FPGAs, or microcontrollers. 
Optimize code for efficient execution on target hardware. 
Performance Analysis and Optimization:
Analyze the performance of DSP algorithms and systems. 
Identify and resolve bottlenecks
Optimize algorithms and implementations for improved performance and efficiency. 
Testing and Validation:
Develop test plans and test cases to verify the correctness and performance of DSP systems
Conduct thorough testing and debugging to ensure high-quality deliverables
Documentation:
Create clear and concise technical documentation for algorithms, software, and hardware designs
Write detailed reports and presentations to communicate findings to technical and non-technical audiences
Additional Responsibilities (Depending on the Specific Role):

Research and Development:
Stay up-to-date with the latest advancements in DSP technology
Conduct research to explore new algorithms and techniques
Contribute to the development of innovative DSP solutions
Product Development:
Work closely with product teams to define product requirements and specifications
Develop DSP solutions to meet product requirements
Ensure timely delivery of high-quality DSP products
Customer Support:
Provide technical support to customers regarding DSP products and solutions
Troubleshoot issues and provide solutions to customer problems

Requirements

 Education and Experience:
Bachelor's or Master's degree in Electrical Engineering, Computer Engineering, or a related field
Strong foundation in digital signal processing theory and techniques
Proficiency in programming languages such as C/C++, Python, or other relevant languages
Experience with DSP tools and software (e.g., Simulink, Python libraries like NumPy, SciPy, Scikit-learn)
Knowledge of hardware platforms like DSP processors, FPGAs, or microcontrollers
 Technical Skills:
Signal Processing Fundamentals:
Fourier Transform (FT), Discrete Fourier Transform (DFT), Fast Fourier Transform (FFT)
Digital Filtering (FIR, IIR)
Adaptive Filtering
Statistical Signal Processing
Wavelet Transform
Time-Frequency Analysis
Programming and Software Development:
Proficiency in C/C++ for efficient implementation of DSP algorithms
Experience with Python for prototyping and analysis
Familiarity with software development methodologies and tools (e.g., version control, debugging)
Hardware Integration:
Understanding of digital hardware architecture and timing constraints
Experience with hardware platforms like DSP processors, FPGAs, or microcontrollers
Ability to optimize algorithms for hardware implementation
Problem-Solving and Analytical Skills:
Strong analytical and problem-solving abilities to identify and resolve technical challenges
Ability to break down complex problems into smaller, manageable tasks
Attention to detail and accuracy in technical work
 Soft Skills:
Communication Skills:
Effective communication skills, both written and verbal, to collaborate with team members and stakeholders
Ability to present technical concepts clearly and concisely
Teamwork:
Strong teamwork and collaboration skills to work effectively in multidisciplinary teams
Ability to contribute to a positive and productive work environment
Adaptability:
Willingness to learn new technologies and adapt to changing project requirements
Ability to work under pressure and meet deadlines
Curiosity and Innovation:
A passion for learning and staying up-to-date with the latest advancements in DSP technology
A creative mindset to explore innovative solutions to challenging problems

Benefits

We offer great career growth, ESOPs, Gratuity, PF and Health Insurance.

Contains bad word ""Hardware Engineer"". Skipping this job!
",Skipped,Not Available
4334465965,https://www.linkedin.com/jobs/view/4334465965,Pending,2025-11-06 16:38:19.464816,2025-11-07 02:38:19.657703,Found a Bad Word in About Job,"
About the job
Job Title: Proposal Engineer
Location: PUNE
Employment Type: Full-time
Experience: 2-3 Years

About the Role:
We are looking for a Proposal Engineer to join our team to prepare technical and commercial proposals for automation and engineering projects. The role involves understanding client requirements, estimating costs, coordinating with internal teams, and ensuring timely and accurate proposal submission.

Key Responsibilities:
Review and analyze customer inquiries, RFQs, and specifications.
Prepare technical and commercial proposals for automation / electrical projects.
Coordinate with design, procurement, and project teams for costing and technical details
Prepare BOQ, scope of supply, and compliance statements.
Ensure proposals meet client requirements and organizational standards.
Maintain proposal records and assist in bid follow-ups

Requirements:
B.E./B.Tech in Electrical / Instrumentation / Electronics / related discipline
2–3 years of experience in proposal or estimation for industrial automation, control systems, or electrical projects.
Strong skills in Excel, costing, and documentation.
Experience in preparing tenders for industrial automation projects.
Excellent communication and attention to detail.

Contains bad word ""Electrical"". Skipping this job!
",Skipped,Not Available
4315749887,https://www.linkedin.com/jobs/view/4315749887,Pending,2025-11-01 02:38:22.511967,2025-11-07 02:38:22.675184,Found a Bad Word in About Job,"
About the job
Role Description 
 
This is a full-time on-site role based in Siliguri for a Robotics Engineer. The Robotics Engineer will be responsible for developing and designing robotics systems, process automation, and software development. Day-to-day tasks include conducting robotics training to different school and collages, also analyzing and resolving technical problems.
Working on different robotics projects 3D Printing along with robotics training to institutions. 

 Qualifications
 
Strong Analytical and Problem-Solving skills 
knowledge of different microcontroller and processes like arduino amd raspberry pi
Excellent Communication skills
Ability to work independently and collaboratively in a team environment
Bachelor's degree in Robotics, Mechanical Engineering, Electrical Engineering, Computer Science, or a related field
Experience with CNC machining and 3D printing is a plus 
Familiarity with robotics training and curriculum design is a bonus

Contains bad word ""CNC"". Skipping this job!
",Skipped,Not Available
4319564778,https://www.linkedin.com/jobs/view/4319564778,Pending,2025-10-31 02:38:27.325361,2025-11-07 02:38:27.371135,Found a Bad Word in About Job,"
About the job
Job Title: Electrical Engineer – Panel Building & Electrical AutoCAD

Company: S2V Automation Pvt. Ltd.

Location: Magadi Road, Bangalore

Position: 1

Experience: 2 – 3 Years

Notice Period: Immediate Joiners Preferred

About The Company

S2V Automation Pvt. Ltd. is a leading engineering solutions provider specializing in industrial automation, control systems, and turnkey electrical projects. We focus on delivering high-quality engineering and panel-building services with precision and efficiency.

Role Overview

We are looking for a skilled Electrical Engineer with hands-on experience in Electrical AutoCAD, Panel Building, Wiring, and Loop Checking. The ideal candidate will be responsible for executing electrical panel assembly, wiring, and testing activities on the shop floor, ensuring adherence to quality and safety standards.

Key Responsibilities

Prepare and modify Electrical AutoCAD drawings for control panels and wiring diagrams.
Perform panel building, assembly, and wiring as per project design.
Conduct loop checking, testing, and troubleshooting of electrical systems.
Ensure proper cable termination, gland installation, and panel integration.
Maintain shop floor discipline, safety compliance, and documentation.
Collaborate with design and project teams to ensure on-time project completion.

Required Skills & Competencies

Proficiency in Electrical AutoCAD and schematic drawing.
Experience in panel wiring, assembly, and loop checking.
Strong knowledge of electrical components, instruments, and wiring practices.
Hands-on experience in shop floor / assembly area operations.
Ability to read and interpret wiring diagrams and panel layouts.
Good communication, teamwork, and problem-solving abilities.

Educational Qualification

Diploma / B.E. / B.Tech in ECE or EEE

Work Mode

On-site – Magadi Road, Bangalore

Skills: shop floor,design,assembly,project,autocad,automation,loop checking,building,panel building,diagrams

Contains bad word ""Electrical"". Skipping this job!
",Skipped,Not Available
4320944040,https://www.linkedin.com/jobs/view/4320944040,Pending,2025-11-06 02:38:43.395817,2025-11-07 02:38:43.444273,Found a Bad Word in About Job,"
About the job
About the Company
With the increasingly dynamic and accelerating pace of consumer demand today, manufacturers have to introduce a much greater degree of flexibility into their processes to keep up. The current state of automation and robotics which enables many of these manufacturing processes, however does not allow for this versatility.
Machines from different vendors each use their own proprietary programming interfaces, are not designed to easily speak with each other, and often require complex and customised programs to integrate them together. Being a robotics manufacturer ourselves once, we have been through these challenges and we understand how frustrating it can get.
Our vendor agnostic software platform, syncOS is designed to seamlessly integrate different automation systems using a simple and intuitive no-code interface. We believe this can help make automated process much more versatile and nimble than has been possible before, and is what the industry needs.
We are a young and passionate team obsessed on chasing this vision to make the adoption of robotics and automation much simpler, and further help #automateasia.

Position Overview 
We are seeking problem solvers and go-getters to join our robotics development team in Singapore. This is an exciting opportunity to work on autonomous mobile robot stack development. In this role, you’d be working on the new MAG Forklift series of AMRs, along with the lifter series of AMRs. By designing algorithms to make the systems autonomous, you’d be working on introducing new products to the industry and delivering solutions that provide real continued value to the customers.

Key Responsibilities
Design, architect, develop and test algorithms for the MAG AMR’s software stack:
Optimize MAG AMR’s navigation algorithms for improved planning, path tracking and control.
Work on SLAM algorithms to support MAG AMR’s mapping and localization requirements.
Design MAG AMR’s state behavior handling.
Design & develop MAG AMR’s error handling mechanisms. 
Maintain up-to-date software to tackle vulnerability assessments.
Maintain clear documentation of the development activities and code base.
Perform peer code reviews.
Collaborate with cross-country teams to come up with solutions to persistent bugs and errors.
Support with on-site deployments, if required.
Collaborate with the product team to keep user manuals up to date.

Qualifications
Bachelor’s or Master’s degree in computer science, computer engineering, mechatronics, or a comparable degree.
Excellent C++ and Python programming skills.
Experience using ROS / ROS2.
Experience using Ubuntu operating system.
Excellent problem solving ability.
Demonstrable experience working with real world robots, preferably experience building a robot.
Ability to think and work independently.
Ability to learn & work on the job at a fast pace.
Optionally, system level knowledge of robots from end-to-end of mechanical, electrical to software.

Benefits
Competitive salary
Comprehensive health benefits package
Hustle of a young startup – always something to do and something to improve
Work with robots in real-life use cases running 24/7 with 99% up time
Opportunities for professional development and growth into leadership roles
Collaborative and inclusive work environment.

Contains bad word ""Mechanical"". Skipping this job!
",Skipped,Not Available
4331433150,https://www.linkedin.com/jobs/view/4331433150,Pending,2025-10-31 02:38:51.021728,2025-11-07 02:38:51.060968,Found a Bad Word in About Job,"
About the job
Company Description
 We suggest you enter details here.

 Role Description
 This is a full-time remote role for a Substation Engineer. The Substation Engineer will be responsible for designing and developing substation projects, including preparing electrical design documentation, ensuring compliance with industry standards, and coordinating with stakeholders. Day-to-day tasks include performing power system analyses, calculating electrical loads, and developing design layouts for power distribution systems. The engineer will also be responsible for troubleshooting electrical issues, providing technical support, and ensuring project deadlines are met.

 Qualifications
  Electrical Design and Electrical Engineering skills
Knowledge of Electricity and Power Distribution systems
Experience with Power Systems and power system analyses
Excellent problem-solving and analytical skills
Strong written and verbal communication skills
Ability to work independently and remotely
Bachelor's degree in Electrical Engineering or related field
.

Contains bad word ""Electrical"". Skipping this job!
",Skipped,Not Available
4318064780,https://www.linkedin.com/jobs/view/4318064780,Pending,2025-10-31 02:39:23.846443,2025-11-07 02:39:23.910538,Found a Bad Word in About Job,"
About the job
We are looking for a skilled RPA Developer with 2–4 years of hands-on experience in Automation Anywhere to design, develop, and maintain automation solutions that enhance operational efficiency. The ideal candidate will work closely with business and technical teams to translate requirements into scalable automation processes and ensure smooth migration, deployment, and maintenance of bots.
Key Responsibilities:
Design, develop, and implement automation processes aligned with business and operational requirements.
Perform root cause analysis for automation errors and manage business and system exceptions effectively.
Utilize Metabot features to create reusable automation components.
Document business processes and workflows in detail to support automation design and implementation.
Develop and maintain test procedures and scenarios for pre-UAT and UAT phases.
Support migration of bots from Automation Anywhere v11 to A360 with minimal disruption.
Troubleshoot and resolve issues in existing automations and ensure stable operations.
Follow established coding standards and contribute to process improvements for automation development.
Participate in code reviews, design discussions, and best practice sharing within the automation team.
Configure and deploy automation workflows using Automation Anywhere Control Room.
Maintain detailed documentation for all automation procedures and technical configurations.
Requirements:
2–4 years of hands-on experience developing bots using Automation Anywhere (version 11 or higher).
Strong understanding of Control Room logs, task scheduling, and trigger configuration.
Experience automating processes across SAP, Citrix, and Salesforce environments.
Exposure to Document Automation / Intelligent Data Extraction.
Proficiency in .NET, VB/Java scripting, Excel macros, and database operations.
Hands-on experience in creating and managing Metabots.
Good analytical and problem-solving skills to debug and optimize automation solutions.
Ability to work collaboratively with business and technical stakeholders.
Experience with process analysis and optimization.
Familiarity with other RPA tools or AI/ML-based automation components.
Understanding of Agile methodologies in automation delivery.
Location: Malad, Mumbai

Contains bad word "".NET"". Skipping this job!
",Skipped,Not Available
4283344513,https://www.linkedin.com/jobs/view/4283344513,Previous resume,2025-09-08 02:39:26.543373,2025-11-07 02:42:08.362081,Problem in Easy Applying,"Message: stale element reference: stale element not found in the current frame
  (Session info: chrome=141.0.7390.123); For documentation on this error, please visit: https://www.selenium.dev/documentation/webdriver/troubleshooting/errors#stale-element-reference-exception
Stacktrace:
	GetHandleVerifier [0x0x7ff76f7ee8e5+80021]
	GetHandleVerifier [0x0x7ff76f7ee940+80112]
	(No symbol) [0x0x7ff76f57060f]
	(No symbol) [0x0x7ff76f57816a]
	(No symbol) [0x0x7ff76f57b26f]
	(No symbol) [0x0x7ff76f57b32f]
	(No symbol) [0x0x7ff76f5c8107]
	(No symbol) [0x0x7ff76f5c8b1c]
	(No symbol) [0x0x7ff76f5bb69c]
	(No symbol) [0x0x7ff76f5f126f]
	(No symbol) [0x0x7ff76f5bb056]
	(No symbol) [0x0x7ff76f5f1440]
	(No symbol) [0x0x7ff76f61968a]
	(No symbol) [0x0x7ff76f5f1003]
	(No symbol) [0x0x7ff76f5b95d1]
	(No symbol) [0x0x7ff76f5ba3f3]
	GetHandleVerifier [0x0x7ff76faadc7d+2960429]
	GetHandleVerifier [0x0x7ff76faa7f3a+2936554]
	GetHandleVerifier [0x0x7ff76fac8977+3070247]
	GetHandleVerifier [0x0x7ff76f8083ce+185214]
	GetHandleVerifier [0x0x7ff76f80fe1f+216527]
	GetHandleVerifier [0x0x7ff76f7f7b24+117460]
	GetHandleVerifier [0x0x7ff76f7f7cdf+117903]
	GetHandleVerifier [0x0x7ff76f7ddbb8+11112]
	BaseThreadInitThunk [0x0x7ffa04f0e8d7+23]
	RtlUserThreadStart [0x0x7ffa0652c53c+44]
",Easy Applied,Not Available
4321134274,https://www.linkedin.com/jobs/view/4321134274,Pending,2025-11-07 02:30:36.401137,2025-11-07 02:45:36.479284,Required experience is high,"
About the job
Technagy IT is a relationship-driven Managed Service Provider (MSP) for IT Services based in Texas.
 We are looking for personnel who can work from our Kochi office.
 The working hours will follow Central Time (USA) — from 8 AM to 5 PM, Monday to Friday.
About the Role
We’re seeking a skilled Python Developer with a minimum of 2 years of experience in backend or full-stack development.
 This role is ideal for someone who enjoys solving complex problems, building efficient systems, and working collaboratively within a global team.
Key Responsibilities
Design, develop, and maintain server-side applications using Python
Write clean, efficient, and maintainable code following best practices
Work with relational databases such as MySQL or PostgreSQL
Integrate APIs and third-party services
Collaborate with front-end developers to connect backend logic to user-facing components
Perform unit testing, debugging, and performance optimization
Participate in code reviews and team discussions to improve code quality
Create and maintain technical documentation for projects
Requirements
Minimum 2 years of hands-on experience in Python development
Solid understanding of object-oriented programming (OOP) concepts
Experience with Flask, Django, or similar Python web frameworks
Good understanding of RESTful API design and integration
Proficiency in SQL and relational databases
Familiarity with version control systems (Git/GitHub)
Strong problem-solving abilities and attention to detail
Ability to work effectively within a team and across time zones
Nice to Have
Experience with front-end frameworks (React, Vue.js, or similar)
Familiarity with MVC or MVT frameworks
Knowledge of Docker, CI/CD pipelines, or cloud environments (AWS, Azure)
Understanding of web security principles and secure coding practices
Exposure to asynchronous programming (e.g., asyncio, Celery)

Experience required 2 > Current Experience 1. Skipping this job!
",Skipped,Not Available
4334577275,https://www.linkedin.com/jobs/view/4334577275,Pending,2025-11-06 20:45:41.236308,2025-11-07 02:45:41.303029,Required experience is high,"
About the job
Job Title: Machine Learning Engineer
Experience: 1–3 Years
Location: Coimbatore (On-site)
 About the Role
We are seeking a Machine Learning Engineer with 1–3 years of hands-on experience in AI and intelligent agent development. The ideal candidate will have strong Python coding skills, solid understanding of AI/ML frameworks, and experience in designing scalable, production-ready agent architectures.
 Key Responsibilities
Develop, test, and deploy AI-driven applications and intelligent agents.
Work with frameworks like OpenAI API, LangChain, and LlamaIndex to build LLM-based solutions.
Design and implement scalable system architectures for multi-agent and memory-based systems.
Handle data through APIs, web scraping, and vector databases such as FAISS, Pinecone, or Chroma.
Write clean, modular, and well-documented Python code with proper error handling.
Manage source code and collaboration using Git and GitHub.
Create and maintain clear technical documentation and project READMEs.
Containerize and deploy applications using Docker.

Required Skills
Proficiency in Python with a focus on clean and modular code.
Strong understanding of AI/ML frameworks such as OpenAI API and LangChain.
Experience with version control (Git/GitHub), proper documentation, and clean code structure.
Hands-on experience with Docker for environment setup and deployment.
Understanding of LLMs, prompt engineering, memory, and multi-agent systems.
Ability to integrate LLMs with external data sources and APIs.

Preferred Qualifications
Bachelor’s or Master’s degree in Computer Science, Artificial Intelligence, or a related field.
Prior project experience in building AI chatbots, RAG (Retrieval-Augmented Generation), or intelligent assistants.
Familiarity with FastAPI, PostgreSQL, or cloud deployment (AWS/GCP).

Experience required 3 > Current Experience 1. Skipping this job!
",Skipped,Not Available
4320712420,https://www.linkedin.com/jobs/view/4320712420,Pending,2025-11-05 02:45:59.116631,2025-11-07 02:45:59.191981,Found a Bad Word in About Job,"
About the job
About CabsWale

We're not just another cab company.
We're building the world's first AI-powered driver network where verified drivers across India connect directly with customers and vendors, without middlemen.

Our AI already helps thousands of drivers get work automatically. But we're just getting started.
Now we're looking for builders, tinkerers, and AI maniacs who want to create real impact not slides.

The Challenge

How do you train AI that understands Indian travel chaos?
How do you teach it to pair the right driver with the right traveler across 1,000+ cities?
That's what you'll help us solve.

You'll be working with live data, real drivers, real cities, and real customers your code will literally move people.

What You'll Do

Build and train AI models that power our driver–customer matching system.
Experiment with open-source + commercial AI APIs (we love hacking things together).
Build AI automation tools for customer support, pricing, and lead prediction.
Work closely with our founders, design, and growth teams to deploy AI features used daily by real users.

What We're Looking For

Forget degrees. Forget buzzwords. We care about:

Projects you've actually built or shipped.
Hands-on experience with AI model training, API integrations, or automation workflows.
Curiosity to learn, and the humility to unlearn.
A bias for action — if you wait for perfect clarity, this isn't for you.

If you've hacked together your own tools, deployed side projects, or played with AI APIs before the world noticed ChatGPT — you'll feel at home here.

 The Selection Rounds

We're not running interviews, we're running challenges.

1. The Skill Test: You'll get a real AI problem from our playbook. Build your solution. Ship it.
2. The Creator Round (aka ""Who You Are, Not What's Written""), a raw, honest chat about how you think, build, and learn.
3. The Team Fit Day: Spend a day with us at our Gurgaon HQ — jam with our team, see what we're building, and tell us what you'd do better.

Why Join Us

You'll be building AI that impacts real livelihoods, not just dashboards.
Work directly with founders and senior devs solving crazy real-world problems.
A culture that celebrates experimentation, speed, and bold ideas.
Amazing workspace in Gurgaon with a young, high-energy team (and occasional midnight brainstorming pizzas).

 If this sounds like you

Don't just apply, show us what you've built.
Drop your GitHub, Notion, portfolio, or a Google Drive link.
Tell us what you've hacked that you're proud of.

Stipend 
Rs. 25,000 monthly

📩 Apply via LinkedIn or write to us at ayush.sharma@cabswale.in with subject line:
""AI Role — I'm Ready to Build the Future.""

Contains bad word ""Customer Support"". Skipping this job!
",Skipped,Not Available
4320852320,https://www.linkedin.com/jobs/view/4320852320,Pending,2025-11-06 02:46:03.977321,2025-11-07 02:46:04.012628,Found a Bad Word in About Job,"
About the job
Company Description
 Zovia.AI is an intelligent operations platform designed to automate planning, optimize operations, and empower the workforce. With comprehensive solutions, Zovia.AI helps build leaner, faster, and future-ready factories. By connecting processes from the shop floor to the top floor, we enable seamless communication and operational efficiency for manufacturing businesses.
 Role Description
 This is a full-time, on-site role for a Machine Learning Specialist located in Hyderabad. The Machine Learning Specialist will be responsible for developing and implementing machine learning models, optimizing algorithms, and applying deep learning techniques to solve complex operational challenges. Responsibilities also include analyzing data, identifying patterns, and contributing toward innovative solutions for the manufacturing sector.
 Qualifications
  Strong foundation in Computer Science and understanding of core principles
Proficiency in Machine Learning and Deep Learning techniques
Experience with Statistics and algorithm development
Ability to work with complex data and design efficient solutions
Excellent problem-solving skills and a passion for innovation
Relevant knowledge of industrial operations would be advantageous
Bachelor's or advanced degree in Computer Science, Data Science, or related field

Contains bad word ""Manufacturing"". Skipping this job!
",Skipped,Not Available
4318447092,https://www.linkedin.com/jobs/view/4318447092,Pending,2025-10-31 02:46:08.727507,2025-11-07 02:46:08.760305,Found a Bad Word in About Job,"
About the job
Company Description
 Alligator Automations India Pvt. Ltd. is an engineering company specializing in providing turnkey project solutions for various end-of-line packaging needs in industries such as Food Production, Chemicals, Manufacturing, and Pharmaceuticals. The company focuses on innovation, quality, and a customer-centric approach to deliver efficient automated solutions.
 Role Description
 This is a full-time remote role for a Fresher Engineer at Alligator Automations India Pvt. Ltd. The Fresher Engineer will be responsible for assisting in the design, installation, and maintenance of automated packaging systems. Daily tasks may include troubleshooting technical issues, collaborating with the engineering team, and supporting project managers in delivering successful automation projects.
 Qualifications
  Knowledge of engineering principles and design
Basic understanding of automation technologies
Strong problem-solving and analytical skills
Ability to work collaboratively in a team environment
Excellent communication and interpersonal skills
Willingness to learn and adapt to new technologies
Bachelor's degree in Engineering or related field

Contains bad word ""Manufacturing"". Skipping this job!
",Skipped,Not Available
4321091876,https://www.linkedin.com/jobs/view/4321091876,Pending,2025-11-06 19:46:13.386328,2025-11-07 02:46:13.450423,Found a Bad Word in About Job,"
About the job
Job Title: AI Engineer
Location: Bangalore (Hybrid/Onsite)
Type: Full-time

We are looking for an AI Intern who will work on building and integrating intelligent systems across conversation, context memory, and vision. You will contribute to the development of AI agents, conversational orchestration flows, and visual understanding modules as part of TatvaOps’ core AI roadmap.

Roles & Responsibilities:

Work on LLM-based systems for conversational AI, summarisation, and reasoning.

Build and optimise RAG pipelines using LangChain / LangGraph for intelligent data retrieval.

Design and manage context memory layers using Vector Databases like Pinecone or Qdrant.

Contribute to multi-agent orchestration and AI character interactions.

Support Computer Vision (CV) modules for image understanding, moodboard generation, and visual output.

Implement text-to-image and image-to-insight workflows using modern AI frameworks.

Integrate AI features into web applications using FastAPI, Node.js, or similar environments.

Assist in performance tuning, data pipeline optimisation, and system monitoring.

Collaborate with product and engineering teams to test and deploy functional AI prototypes.

Preferred Skills:

Strong foundation in Python and basic understanding of Machine Learning / AI concepts.

Familiarity with LLMs, RAG, LangChain, LangGraph, or similar frameworks.

Understanding of vector databases (Pinecone, Qdrant, or Redis).

Exposure to Computer Vision / Generative AI tools (CLIP, Diffusion models, BLIP, etc.).

Experience with FastAPI, Node.js, or React for API and interface integration.

Good problem-solving skills, curiosity to explore new technologies, and ability to work in fast-paced environments.

Why Join Us?
Be part of a next-gen product redefining how real estate and construction projects are managed.
Freedom to innovate, experiment, and influence AI strategy at the ground level.
Fast-paced, high-impact work with visibility across the organization.

What We're Looking For
Passion for practical AI — building usable, business-oriented intelligence.
Strong logical reasoning and experimentation skills.
Familiarity with both coding and prompt-engineering workflows.
Willingness to co-own AI roadmap modules and iterate fast.

Perks
Work on applied AI in live production systems.
Opportunity to build AI personas and real-world conversational agents.
Access to paid AI tools and vector databases for experimentation.
Performance-based incentives and rapid career growth.

Contains bad word ""Construction"". Skipping this job!
",Skipped,Not Available
4320383301,https://www.linkedin.com/jobs/view/4320383301,Pending,2025-11-04 02:46:16.072470,2025-11-07 02:46:16.145831,Found a Bad Word in About Job,"
About the job
About the Company
At Techolution, we specialize in building custom AI solutions that deliver innovation and drive measurable outcomes for enterprises worldwide. With our specialized expertise we help businesses take AI from their labs into the real world.

About the Role
Embark on a journey to shape the future of AI at Techolution! We're seeking a visionary Generative AI Intern to join our innovative team in Hyderabad. As a key player in our mission to revolutionize enterprise solutions, you'll dive deep into the world of Large Language Models (LLMs), fine-tuning cutting-edge AI models, and mastering RAG architecture. This role offers an unparalleled opportunity to deploy scalable AI applications on cloud platforms, honing your Python skills while solving real-world challenges. If you're passionate about transforming lab-grade AI into real-world solutions and eager to make a lasting impact, this internship is your launchpad to an exciting career in AI innovation.

Key Responsibilities
Develop and implement cutting-edge Generative AI models using Python, focusing on practical applications that drive business value
Collaborate with cross-functional teams to design and optimize deep learning architectures for real-world AI solutions
Apply advanced data structures and algorithms to enhance the efficiency and performance of AI systems
Engage in continuous learning and research to stay at the forefront of LLM & Generative AI advancements
Demonstrate strong problem-solving skills by tackling complex AI challenges and developing innovative solutions
Take ownership of assigned projects, ensuring timely delivery and high-quality results
Cultivate a seeker mindset by actively exploring new AI technologies and methodologies to improve existing systems
Showcase passion towards work through proactive engagement in AI-related discussions and knowledge sharing
Exhibit extreme ambition by setting challenging personal development goals aligned with Techolution's AI initiatives
Maintain unbeatable work ethics by consistently delivering high-quality code and documentation

Required Skills
Python: Proficiency in Python programming, with a focus on AI and machine learning libraries such as TensorFlow, PyTorch, or Scikit-learn
Deep Learning: Solid understanding of neural network architectures, training processes, and optimization techniques
Data Structures and Algorithms: Strong foundation in efficient data organization and problem-solving approaches crucial for AI development
Problem Solving: Demonstrated ability to analyze complex AI challenges and develop effective solutions
LLM & Generative AI Understanding: Familiarity with large language models and generative AI concepts, including their applications and limitations
Ownership: Ability to take responsibility for assigned tasks and drive them to completion
Seeker Mindset: Enthusiasm for continuous learning and exploration of new AI technologies
Passionate Towards Work: Genuine interest in AI and its potential to transform industries
Extremely Ambitious: Drive to excel and make significant contributions to AI projects
Unbeatable Work Ethics: Commitment to maintaining high standards of quality and professionalism
Ability to comprehend: Skill in quickly grasping complex AI concepts and applying them practically
Presentability: Capable of clearly communicating AI concepts to both technical and non-technical audiences
Flexibility: Adaptability to changing project requirements and emerging AI technologies

Preferred Skills
MLOps: Familiarity with machine learning operations practices for deploying and maintaining AI models in production environments
Cloud Computing (GCP or AWS or Azure): Experience with cloud platforms for scalable AI model deployment and management

Pay range and compensation package
How to Apply: If you are passionate about leveraging AI technologies to create impactful solutions and meet the qualifications listed above, we invite you to apply for this exciting opportunity by sharing your video resume. We look forward to hearing your story and exploring how your skills align with the goals of our team.

Equal Opportunity Statement
As an equal opportunity employer, Techolution celebrates diversity and is committed to creating an inclusive environment for all employees.

Our Unique Value Proposition

White Glove Service: From Ideation → Innovation → Integration, we lead the way to deliver meaningful outcomes, enabling your team to operate AI solutions independently.
Human-AI Partnership: Our Govern Guide Control (GGC) framework ensures responsible AI governance, aligning solutions with your organizational requirements and brand identity.
Customized AI Solutions: We tailor AI to your enterprise needs, delivering from concept to implementation with our turnkey approach at a guaranteed price.
 Our Impact
Techolution has partnered with 300+ clients worldwide, including 50+ Fortune 500 companies. Our growing team works across diverse sectors such as healthcare, education, retail, media, tech, banking, fintech, government, telecom, and manufacturing. Celebrating 9+ years in business, we are committed to AI Done Right!

Awards & Recognition
2024: Forbes publishes the best-selling book by our CEO, ""Failing Fast?: The 10 Secrets to Succeed Faster.""
2023: AI Solutions Provider of the Year - AI Summit
2022: Best in Business Award - Inc. Magazine
2021: Best Cloud Transformation Consulting - CIO Review
2019: Inc. 500 Fastest Growing Company Award

Take a Look At Our Accelerators
Enterprise LLM Studio
AppMod.AI
ComputerVision.AI
Robotics and Edge Device Fabrication
RLEF AI Platform

Some Videos You Wanna Watch!
About Techolution 
Transform Customer Service with Techolution

Contains bad word ""Manufacturing"". Skipping this job!
",Skipped,Not Available
4337875667,https://www.linkedin.com/jobs/view/4337875667,Pending,2025-11-06 12:46:20.869996,2025-11-07 02:46:20.947414,Required experience is high,"
About the job
Please Note: ➡️ Only candidates who are immediate joiners (0–7 days) will be considered
➡️ This also includes for those who are already serving notice period, as long as they are available to join within 10-15 days. 
➡️ If you do not have hands-on experience with building AI software, please do not apply

About us: 
Omnibound (https://www.omnibound.ai/ ) is building the AI-based operating system for modern B2B marketing teams. We help CMOs and their teams scale campaigns, programs, and experiments faster by acting as an agentic co-pilot across the marketing org — from product and content marketing to demand gen and partner teams. We’re early but growing quickly, backed by experienced operators and angels who’ve built category-defining products.

Job role:
We’re seeking a skilled Backend Ai Developer with a strong foundation in Python and hands-on experience in backend frameworks—Django REST Framework (preferred), along with FastAPI or Flask. The role involves contributing to the architecture and supporting the initial launch of our product. This person should have deep technical experience in building SaaS and AI software applications from scratch that can scale to a large number of users and is a self-starter who likes to experiment.

Requirements:
Must be proficient in Python and Django rest framework with at least 2 years of real-world experience
Must have hands-on experience with building RAG systems – from reading unstructured files to chunking, vectorizing, retrieving, and evaluating
Must have experience building AI agents and using frameworks like Lang Chain, Lang Graph, Crew AI (preferred), or similar
Must have experience with Vector databases like Pinecone, Weaviate, or Chroma DB
Experience with MySQL databases like PostgreSQL or similar. NoSQL database like MongoDB or similar.
Potential experience with machine learning algorithms and deep learning frameworks like TensorFlow and PyTorch
Experience working with LLMs like GPT-4, Claude, Llama, and Gemini
Experience in working with large datasets and data preprocessing techniques
Familiarity with agile web development, version control systems, and coding copilots
Strong problem-solving skills and a self-starter, entrepreneurial attitude
Good English communication skills to work in an international environment

👉 How to Apply:
Submit your resume only if you meet the experience criteria and are available to join immediately. 

Experience required 2 > Current Experience 1. Skipping this job!
",Skipped,Not Available
4318669789,https://www.linkedin.com/jobs/view/4318669789,Pending,2025-10-31 02:46:50.733366,2025-11-07 02:46:50.774871,Found a Bad Word in About Job,"
About the job
Position Overview
We are seeking a full‑time Machine Learning Engineer with strong expertise in signal processing and predictive modeling for physiological sensor data. The role focuses on developing and validating models using photoplethysmography (PPG) and related multimodal signals to derive meaningful health insights. The ideal candidate will be passionate about advancing healthcare technology and eager to build reliable, clinically relevant AI models that bridge wearable sensing and digital health applications.

Key Responsibilities
Develop, optimize, and evaluate ML models for physiological sensor data, focusing on extracting clinically meaningful insights from multimodal signals such as PPG, accelerometer, and ECG.
Design preprocessing and feature-extraction pipelines for time-series data and implement signal-quality assessment techniques.
Set up and operate hardware platforms for data collection; collaborate with clinicians and research partners to design and manage studies, ensuring high-quality data collection.
Implement signal-quality assessment and noise-reduction techniques to enhance model robustness.
Collaborate with data scientists and clinicians to interpret model outputs in a clinical context.
Integrate ML pipelines into production systems (cloud or edge) and support model deployment.
Conduct literature reviews in biomedical signal processing and machine learning for health applications.
Contribute to research documentation, publications, and regulatory validation processes.
Qualifications
Bachelor’s, Master’s, or Ph.D. in Computer Science, Biomedical Engineering, Electrical Engineering, or a related field.
Strong foundation in machine learning, signal processing, and time-series modeling.
Experience working with physiological or wearable sensor data (e.g., PPG, ECG, accelerometer), including data preprocessing and feature engineering.
Hands-on experience with sensors or wearable devices, including calibration, data acquisition, and troubleshooting.
Proficiency in Python and ML frameworks such as PyTorch; familiarity with cloud platforms (e.g., AWS) is a plus.
Prior exposure to healthcare or wearable-sensor applications is highly desirable.
Excellent analytical, communication, and problem-solving skills.
Self-driven and comfortable taking ownership of projects; ability to work collaboratively across India‑based and global teams.

About Us:
CIPRA.ai is an emerging startup in the digital health sector, specializing in innovative solutions for chronic disease management, including hypertension and diabetes. Our mission is to provide personalized and proactive healthcare that integrates key lifestyle factors for managing chronic conditions. We develop cloud-based AI platforms and wearable technologies designed for efficient patient engagement and superior healthcare outcomes.
Our technology has been validated through multiple clinical trials at leading institutions over the past six years, and we have established partnerships and commercial rollouts with health systems in the United States and around the world.

Contains bad word ""Electrical"". Skipping this job!
",Skipped,Not Available
